證券代號,證券名稱,殖利率(%),股利年度,本益比,股價淨值比,財報年/季
1101,台泥            ,4.15,105,18.49,1.2,106/1
1102,亞泥            ,3.44,105,22.2,0.73,106/1
1103,嘉泥            ,1.86,105,67.19,0.46,106/1
1104,環泥            ,6,105,9.65,0.98,106/1
1108,幸福            ,6.38,105,16.49,0.8,106/1
1109,信大            ,0.99,105,18.8,0.72,106/1
1110,東泥            ,0.66,105,506.67,1.01,106/1
1201,味全            ,0,105,-,2.09,106/1
1203,味王            ,4.09,105,13.74,1.32,106/1
1210,大成            ,4.17,105,11.92,1.63,106/1
1213,大飲            ,0,105,60.37,1.32,106/1
1215,卜蜂            ,3.86,105,14.69,3.13,106/1
1216,統一            ,3.49,105,23.33,3.57,106/1
1217,愛之味          ,0,105,34.96,0.76,106/1
1218,泰山            ,0,105,108.81,2.23,106/1
1219,福壽            ,2.18,105,38.23,1.51,106/1
1220,台榮            ,6.22,105,13.06,0.82,106/1
1225,福懋油          ,2.34,105,31.47,3.57,106/1
1227,佳格            ,2.51,105,29.92,4.81,106/1
1229,聯華            ,7.38,105,11.43,1.14,106/1
1231,聯華食          ,5.99,105,13.49,1.83,106/1
1232,大統益          ,5.41,105,16.67,3.77,106/1
1233,天仁            ,4.51,105,19.59,2.26,106/1
1234,黑松            ,5.93,105,12.27,0.76,106/1
1235,興泰            ,0,105,9.46,0.54,106/1
1236,宏亞            ,1.78,105,51.06,1.01,106/1
1256,鮮活果汁-KY     ,3.03,105,16.31,4.09,106/1
1262,綠悅-KY         ,1.34,105,6.45,1.21,106/1
1301,台塑            ,5.13,105,13.11,1.8,106/1
1303,南亞            ,5.81,105,11.3,1.79,106/1
1304,台聚            ,4.56,105,13.12,0.89,106/1
1305,華夏            ,6.68,105,8.71,1.85,106/1
1307,三芳            ,6.12,105,11.98,1.63,106/1
1308,亞聚            ,4.71,105,13.36,1,106/1
1309,台達化          ,0,105,20.3,0.97,106/1
1310,台苯            ,10.3,105,7.85,1.43,106/1
1312,國喬            ,4.71,105,7.51,1.05,106/1
1313,聯成            ,6.25,105,11.33,0.85,106/1
1314,中石化          ,0,105,177.14,0.56,106/1
1315,達新            ,4.14,105,18.73,0.7,106/1
1316,上曜            ,0,105,-,2.3,106/1
1319,東陽            ,3.64,105,14.91,1.78,106/1
1321,大洋            ,0,105,-,1.21,106/1
1323,永裕            ,5.39,105,11.28,1.73,106/1
1324,地球            ,3.08,105,7.88,0.92,106/1
1325,恆大            ,3.91,105,22.23,1.02,106/1
1326,台化            ,6.11,105,10.97,1.63,106/1
1337,再生-KY         ,0.53,105,9.7,0.37,106/1
1338,廣華-KY         ,3.72,105,13.22,1.48,106/1
1339,昭輝            ,4.29,105,14.56,1.16,106/1
1340,勝悅-KY         ,4.18,105,7.54,1.05,106/1
1402,遠東新          ,3.21,105,19.76,0.7,106/1
1409,新纖            ,2.71,105,22.49,0.57,106/1
1410,南染            ,6.2,105,16.14,1.37,106/1
1413,宏洲            ,0,105,-,1.3,106/1
1414,東和            ,3.06,105,-,0.47,106/1
1416,廣豐            ,11.03,105,6.28,1.12,106/1
1417,嘉裕            ,0,105,-,0.49,106/1
1418,東華            ,0,105,-,3.12,106/1
1419,新紡            ,1.09,105,108.21,1.62,106/1
1423,利華            ,0,105,177.25,0.48,106/1
1432,大魯閣          ,0,105,-,1.28,106/1
1434,福懋            ,4.78,105,16.19,0.82,106/1
1435,中福            ,0,105,-,0.71,106/1
1436,華友聯          ,2.61,105,30.4,1.25,106/1
1437,勤益控          ,2.87,105,6.74,0.66,106/1
1438,裕豐            ,0,105,-,0.97,106/1
1439,中和            ,2.2,105,78.28,1.06,106/1
1440,南紡            ,2.43,105,32.88,0.87,106/1
1441,大東            ,0,105,-,1.05,106/1
1442,名軒            ,9.22,105,7.51,1.06,106/1
1443,立益            ,0,105,-,0.75,106/1
1444,力麗            ,0,105,-,0.85,106/1
1445,大宇            ,3.52,105,24.34,0.62,106/1
1446,宏和            ,1.3,105,92.4,1.8,106/1
1447,力鵬            ,0,105,-,0.74,106/1
1449,佳和            ,0,105,-,1.04,106/1
1451,年興            ,6.42,105,14.97,0.95,106/1
1452,宏益            ,5.21,105,13.8,1.24,106/1
1453,大將            ,0,105,-,0.7,106/1
1454,台富            ,3.65,105,21.61,0.66,106/1
1455,集盛            ,3.08,105,14.52,0.76,106/1
1456,怡華            ,0,105,16.67,1,106/1
1457,宜進            ,4.42,105,53.81,0.75,106/1
1459,聯發            ,0,105,-,0.84,106/1
1460,宏遠            ,4.92,105,15.78,1.47,106/1
1463,強盛            ,13.31,105,4.33,1.46,106/1
1464,得力            ,8.35,105,21.55,1.98,106/1
1465,偉全            ,5.04,105,26.88,0.78,106/1
1466,聚隆            ,0,105,-,0.78,106/1
1467,南緯            ,0,105,-,0.97,106/1
1468,昶和            ,0,105,-,1.56,106/1
1469,理隆            ,0,105,-,1.05,106/1
1470,大統染          ,3.02,105,38.72,1.62,106/1
1471,首利            ,0,105,-,0.71,106/1
1472,三洋紡          ,0,105,-,2.9,106/1
1473,台南            ,4.57,105,35.47,0.97,106/1
1474,弘裕            ,4.98,105,13.85,0.84,106/1
1475,本盟            ,0,105,-,4.31,106/1
1476,儒鴻            ,2.87,105,30.62,6.63,106/1
1477,聚陽            ,4.81,105,24.13,3.32,106/1
1503,士電            ,2.9,105,16.9,1,106/1
1504,東元            ,3.1,105,16.9,1.12,106/1
1506,正道            ,0,105,71.67,2.14,106/1
1507,永大            ,4.89,105,13.82,1.73,106/1
1512,瑞利            ,0,105,-,2.48,106/1
1513,中興電          ,4.9,105,18.38,1.14,106/1
1514,亞力            ,4.78,105,95,0.78,106/1
1515,力山            ,2.05,105,40.58,1.95,106/1
1516,川飛            ,4.79,105,39.62,1.29,106/1
1517,利奇            ,1.94,105,-,0.73,106/1
1519,華城            ,4.58,105,14.19,1.39,106/1
1521,大億            ,6.29,105,13.15,3.2,106/1
1522,堤維西          ,6.12,105,9.85,1.56,106/1
1524,耿鼎            ,4.31,105,11.49,0.99,106/1
1525,江申            ,1.94,105,16.37,2.47,106/1
1526,日馳            ,4.24,105,18.66,1.48,106/1
1527,鑽全            ,4.73,105,24.33,3.77,106/1
1528,恩德            ,4.83,105,31.36,0.81,106/1
1529,樂士            ,0,105,-,3.51,106/1
1530,亞崴            ,2.28,105,32.61,1.14,106/1
1531,高林股          ,3.11,105,31.64,0.95,106/1
1532,勤美            ,5.35,105,12.45,1.03,106/1
1533,車王電          ,0.51,105,115.15,1.8,106/1
1535,中宇            ,4.14,105,27.53,1.72,106/1
1536,和大            ,2.53,105,31.55,5.44,106/1
1537,廣隆            ,5.64,105,14.24,3.54,106/1
1538,正峰新          ,0,105,-,1.02,106/1
1539,巨庭            ,5.39,105,13.57,1.35,106/1
1540,喬福            ,6.54,105,"1,530.00",0.95,106/1
1541,錩泰            ,6.48,105,15.96,3.17,106/1
1558,伸興            ,7.06,105,11.97,1.84,106/1
1560,中砂            ,4.07,105,17.63,2.64,106/1
1568,倉佑            ,3,105,24.51,2.67,106/1
1582,信錦            ,7.79,105,11.48,1.94,106/1
1583,程泰            ,1.64,105,38.54,1.77,106/1
1589,永冠-KY         ,3.77,105,13.12,1.11,106/1
1590,亞德客-KY       ,1.47,105,31.16,6.08,106/1
1592,英瑞-KY         ,4.97,105,10.87,1.44,106/1
1598,岱宇            ,5.59,105,24.58,1.66,106/1
1603,華電            ,1.86,105,13.7,0.87,106/1
1604,聲寶            ,8.14,105,12.84,1.15,106/1
1605,華新            ,5.58,105,9.23,0.66,106/1
1608,華榮            ,0,105,19.36,0.57,106/1
1609,大亞            ,0,105,17.58,0.56,106/1
1611,中電            ,0,105,-,0.71,106/1
1612,宏泰            ,2.99,105,19.08,0.65,106/1
1614,三洋電          ,4.18,105,23.68,1.25,106/1
1615,大山            ,6.76,105,11.21,0.82,106/1
1616,億泰            ,0,105,55.4,0.62,106/1
1617,榮星            ,4.17,105,15.98,0.89,106/1
1618,合機            ,3.57,105,35.04,0.51,106/1
1626,艾美特-KY       ,3.43,105,12.46,1.38,106/1
1701,中化            ,3.23,105,18.06,1,106/1
1702,南僑            ,4.26,105,14.45,3.04,106/1
1704,榮化            ,7.09,105,9.12,1.37,106/1
1707,葡萄王          ,3.29,105,20.58,5.29,106/1
1708,東鹼            ,3.41,105,9.92,1.07,106/1
1709,和益            ,8.31,105,10.81,1.19,106/1
1710,東聯            ,0.78,105,-,1.64,106/1
1711,永光            ,2.76,105,24.46,1.28,106/1
1712,興農            ,5.91,105,11.12,0.99,106/1
1713,國化            ,3.73,105,23.56,1.02,106/1
1714,和桐            ,4.23,105,21.23,0.74,106/1
1715,萬洲            ,1.92,105,-,0.74,106/1
1717,長興            ,5.95,105,14.48,1.85,106/1
1718,中纖            ,0,105,-,0.48,106/1
1720,生達            ,4.52,105,18.65,1.59,106/1
1721,三晃            ,4.91,105,17.17,1.29,106/1
1722,台肥            ,5.04,105,138.83,0.81,106/1
1723,中碳            ,3.9,105,25.27,3.98,106/1
1724,台硝            ,6.25,105,14.68,1.02,106/1
1725,元禎            ,5.52,105,12.18,0.96,106/1
1726,永記            ,4.87,105,12.99,1.6,106/1
1727,中華化          ,4.78,105,15.12,0.95,106/1
1730,花仙子          ,5.38,105,13.07,2.05,106/1
1731,美吾華          ,4.01,105,18.51,1.04,106/1
1732,毛寶            ,0,105,-,1.3,106/1
1733,五鼎            ,4.48,105,-,1.98,106/1
1734,杏輝            ,0.45,105,157.14,1.21,106/1
1735,日勝化          ,4.1,105,20.68,0.86,106/1
1736,喬山            ,3.08,105,15.83,1.41,106/1
1737,臺鹽            ,4.96,105,17.29,1,106/1
1762,中化生          ,2.07,105,60.5,1.07,106/1
1773,勝一            ,6.32,105,11.64,2.16,106/1
1776,展宇            ,7.57,105,16.79,1.26,106/1
1783,和康生          ,0,105,-,2.1,106/1
1786,科妍            ,0,105,-,2.52,106/1
1789,神隆            ,1.76,105,46.34,2.93,106/1
1802,台玻            ,0,105,-,1,106/1
1805,寶徠            ,0,105,-,1.15,106/1
1806,冠軍            ,0,105,-,0.47,106/1
1808,潤隆            ,10.29,105,10.92,2.17,106/1
1809,中釉            ,2.68,105,50.91,0.59,106/1
1810,和成            ,0,105,9.38,0.6,106/1
1817,凱撒衛          ,5.64,105,11.4,1.8,106/1
1902,台紙            ,0,105,-,1.32,106/1
1903,士紙            ,0,105,-,2.84,106/1
1904,正隆            ,3.4,105,11.22,0.83,106/1
1905,華紙            ,3.47,105,24.63,0.72,106/1
1906,寶隆            ,5.58,105,3.92,0.66,106/1
1907,永豐餘          ,0,105,81.75,0.53,106/1
1909,榮成            ,4.38,105,10.98,1.55,106/1
2002,中鋼            ,3.33,105,20.44,1.3,106/1
2006,東和鋼鐵        ,5.21,105,14.1,1.04,106/1
2007,燁興            ,0,105,-,0.92,106/1
2008,高興昌          ,0,105,-,0.73,106/1
2009,第一銅          ,0,105,-,0.97,106/1
2010,春源            ,6.17,105,10.81,0.69,106/1
2012,春雨            ,5.26,105,14.39,1.09,106/1
2013,中鋼構          ,1.26,105,58.86,0.93,106/1
2014,中鴻            ,0,105,5.52,1.41,106/1
2015,豐興            ,5.91,105,14.31,1.71,106/1
2017,官田鋼          ,3.95,105,7.84,0.71,106/1
2020,美亞            ,5.78,105,7.49,1.01,106/1
2022,聚亨            ,0,105,-,0.76,106/1
2023,燁輝            ,7.46,105,7.32,0.83,106/1
2024,志聯            ,7.07,105,7.13,0.71,106/1
2025,千興            ,0,105,4.75,0.67,106/1
2027,大成鋼          ,4.55,105,17.09,1.34,106/1
2028,威致            ,0,105,8.73,1.4,106/1
2029,盛餘            ,6.45,105,8.56,1.3,106/1
2030,彰源            ,2.33,105,7.91,1.04,106/1
2031,新光鋼          ,6.47,105,9.86,1.41,106/1
2032,新鋼            ,4.07,105,18.9,0.76,106/1
2033,佳大            ,3.2,105,17.68,0.79,106/1
2034,允強            ,7.36,105,11.43,1.29,106/1
2038,海光            ,6.2,105,17.17,0.38,106/1
2049,上銀            ,0.9,105,37.48,3.88,106/1
2059,川湖            ,1.93,105,28.95,4.64,106/1
2062,橋椿            ,2.28,105,10.01,1.33,106/1
2069,運錩            ,6.17,105,9.98,1.28,106/1
2101,南港            ,4.08,105,21.17,2.01,106/1
2102,泰豐            ,0.72,105,-,0.7,106/1
2103,台橡            ,2.79,105,26.59,1.97,106/1
2104,中橡            ,6.15,105,11.57,1.03,106/1
2105,正新            ,4.57,105,19.1,2.47,106/1
2106,建大            ,4.2,105,15.67,2.04,106/1
2107,厚生            ,3.57,105,21.39,0.58,106/1
2108,南帝            ,6.02,105,15.76,1.68,106/1
2109,華豐            ,1.79,105,-,0.96,106/1
2114,鑫永銓          ,7.19,105,16.31,2.09,106/1
2115,六暉-KY         ,3.5,105,12.57,2.12,106/1
2201,裕隆            ,1.86,105,28.67,0.6,106/1
2204,中華            ,5.65,105,12.3,0.78,106/1
2206,三陽工業        ,4.67,105,-,1.31,106/1
2207,和泰車          ,3.2,105,18.26,4.44,106/1
2208,台船            ,0,105,-,0.91,106/1
2227,裕日車          ,7.91,105,16.75,3.77,106/1
2228,劍麟            ,3.19,105,17.84,3.07,106/1
2231,為升            ,2.59,105,33.45,11.27,106/1
2236,百達-KY         ,3.02,105,21.08,2.19,106/1
2239,英利-KY         ,2.83,105,14.94,2.03,106/1
2301,光寶科          ,5.83,105,12.01,1.55,106/1
2302,麗正            ,0,105,-,0.57,106/1
2303,聯電            ,3.52,105,16.71,0.8,106/1
2305,全友            ,0,105,-,0.81,106/1
2308,台達電          ,3.11,105,22.21,3.41,106/1
2311,日月光          ,3.58,105,15.6,1.9,106/1
2312,金寶            ,2.7,105,16.09,0.93,106/1
2313,華通            ,2.42,105,16.76,1.48,106/1
2314,台揚            ,0.36,105,41.65,3,106/1
2316,楠梓電          ,0,105,-,0.63,106/1
2317,鴻海            ,3.8,105,13.76,1.85,106/1
2321,東訊            ,0,105,-,5.71,106/1
2323,中環            ,0,105,-,0.37,106/1
2324,仁寶            ,5.67,105,12.16,0.9,106/1
2325,矽品            ,3.5,105,16.71,2.31,106/1
2327,國巨            ,2.97,105,12.83,2.15,106/1
2328,廣宇            ,2.54,105,11.95,1.42,106/1
2329,華泰            ,0,105,69.25,1.07,106/1
2330,台積電          ,3.33,105,15.29,3.75,106/1
2331,精英            ,0,105,-,1,106/1
2332,友訊            ,2.65,105,-,0.8,106/1
2337,旺宏            ,0,105,72.39,3.28,106/1
2338,光罩            ,0,105,-,1.14,106/1
2340,光磊            ,6.78,105,10.47,1.19,106/1
2342,茂矽            ,0,105,-,1.77,106/1
2344,華邦電          ,3.3,105,23.04,1.42,106/1
2345,智邦            ,4.12,105,19.16,4.45,106/1
2347,聯強            ,2.89,105,12.01,1.41,106/1
2348,海悅            ,0,105,143.39,3.07,106/1
2349,錸德            ,0,105,-,0.74,106/1
2351,順德            ,3.88,105,16.13,2.27,106/1
2352,佳世達          ,5.48,105,9.38,1.6,106/1
2353,宏            ,3.16,105,-,0.87,106/1
2354,鴻準            ,3.98,105,14.54,1.05,106/1
2355,敬鵬            ,5.35,105,10.66,1.47,106/1
2356,英業達          ,5.37,105,19.01,1.78,106/1
2357,華碩            ,5.78,105,11.68,1.17,106/1
2358,廷鑫            ,0,105,-,2.84,106/1
2359,所羅門          ,5.41,105,25.69,0.72,106/1
2360,致茂            ,3.39,105,23.3,3.34,106/1
2362,藍天            ,2.63,105,30.68,0.43,106/1
2363,矽統            ,0,105,-,0.59,106/1
2364,倫飛            ,0,105,-,0.83,106/1
2365,昆盈            ,0,105,-,0.65,106/1
2367,燿華            ,0,105,-,0.72,106/1
2368,金像電          ,0,105,40.2,0.79,106/1
2369,菱生            ,3.44,105,20.49,0.88,106/1
2371,大同            ,0,105,-,0.92,106/1
2373,震旦行          ,5.7,105,13.94,2.4,106/1
2374,佳能            ,4.84,105,12.16,0.64,106/1
2375,智寶            ,0,105,155,1.37,106/1
2376,技嘉            ,6.68,105,12.12,1.07,106/1
2377,微星            ,5.91,105,12.62,2.31,106/1
2379,瑞昱            ,4.52,105,18.89,2.57,106/1
2380,虹光            ,0,105,-,0.52,106/1
2382,廣達            ,4.83,105,19.54,2.08,106/1
2383,台光電          ,3.28,105,15.6,4.22,106/1
2385,群光            ,5.59,105,14.29,2.18,106/1
2387,精元            ,1.97,105,8.25,0.7,106/1
2388,威盛            ,0,105,31.16,1.43,106/1
2390,云辰            ,0.44,105,-,1.17,106/1
2392,正崴            ,3.57,105,24.85,0.95,106/1
2393,億光            ,6.01,105,13.1,1.26,106/1
2395,研華            ,3.33,105,24.94,5.28,106/1
2397,友通            ,9.22,105,12.26,1.71,106/1
2399,映泰            ,0,105,-,1.38,106/1
2401,凌陽            ,3.56,105,18.99,0.91,106/1
2402,毅嘉            ,0,105,-,1.05,106/1
2404,漢唐            ,9.85,105,10.27,2.14,106/1
2405,浩鑫            ,1.16,105,-,1,106/1
2406,國碩            ,0,105,-,0.93,106/1
2408,南亞科          ,2.66,105,6.15,1.59,106/1
2409,友達            ,4.34,105,5.44,0.66,106/1
2412,中華電          ,4.53,105,22.24,2.26,106/1
2413,環科            ,0,105,-,0.8,106/1
2414,精技            ,6.9,105,13.18,1.17,106/1
2415,錩新            ,3.64,105,10.79,1.41,106/1
2417,圓剛            ,0.97,105,-,0.69,106/1
2419,仲琦            ,8.57,105,12.59,1.38,106/1
2420,新巨            ,8.42,105,11.92,1.83,106/1
2421,建準            ,5.05,105,15.29,2.46,106/1
2423,固緯            ,5.36,105,11.98,1.47,106/1
2424,隴華            ,0,105,-,2,106/1
2425,承啟            ,0.88,105,244.29,1.09,106/1
2426,鼎元            ,6.31,105,23.11,1.19,106/1
2427,三商電          ,2.33,105,30.64,0.75,106/1
2428,興勤            ,3.76,105,11.46,2.29,106/1
2429,銘旺科          ,0,105,-,1.48,106/1
2430,燦坤            ,7.59,105,11.07,0.9,106/1
2431,聯昌            ,5.2,105,17.83,0.98,106/1
2433,互盛電          ,6.4,105,11.85,1.59,106/1
2434,統懋            ,0,105,-,1.04,106/1
2436,偉詮電          ,1.75,105,49.22,2.06,106/1
2438,翔耀            ,0,105,828,1.19,106/1
2439,美律            ,4.77,105,15.54,4.04,106/1
2440,太空梭          ,0,105,40.37,1.4,106/1
2441,超豐            ,5.54,105,12.25,1.86,106/1
2442,新美齊          ,0.57,105,17.17,0.56,106/1
2443,新利虹          ,0,105,-,0.69,106/1
2444,友旺            ,2.9,105,107.81,1.58,106/1
2448,晶電            ,0,105,-,0.64,106/1
2449,京元電子        ,6.08,105,11.79,1.44,106/1
2450,神腦            ,6.91,105,15.91,2.37,106/1
2451,創見            ,6.31,105,14.45,1.97,106/1
2453,凌群            ,4.13,105,14.94,0.7,106/1
2454,聯發科          ,3.73,105,15.39,1.59,106/1
2455,全新            ,4.31,105,28.22,3.78,106/1
2456,奇力新          ,5.04,105,15.66,2.66,106/1
2457,飛宏            ,0,105,-,0.78,106/1
2458,義隆            ,3.58,105,26.74,2.59,106/1
2459,敦吉            ,6.99,105,9.35,0.93,106/1
2460,建通            ,0,105,52.6,0.85,106/1
2461,光群雷          ,5.6,105,10.24,0.83,106/1
2462,良得電          ,2.41,105,31.52,1.37,106/1
2464,盟立            ,4.95,105,23.35,2.29,106/1
2465,麗臺            ,0,105,-,1.2,106/1
2466,冠西電          ,0,105,-,3.74,106/1
2467,志聖            ,2.56,105,14.44,1.43,106/1
2468,華經            ,4.44,105,17.58,0.7,106/1
2471,資通            ,7.95,105,19.15,1.11,106/1
2472,立隆電          ,6.12,105,17.12,1.79,106/1
2474,可成            ,2.6,105,14.83,2.5,106/1
2475,華映            ,0,105,4.05,0.95,106/1
2476,鉅祥            ,6.54,105,11.02,1.09,106/1
2477,美隆電          ,0,105,14.34,1.65,106/1
2478,大毅            ,2.18,105,19.45,0.91,106/1
2480,敦陽科          ,7.09,105,12.81,1.39,106/1
2481,強茂            ,5.57,105,11.97,0.99,106/1
2482,連宇            ,2.38,105,-,1.05,106/1
2483,百容            ,7.3,105,13.91,0.84,106/1
2484,希華            ,5.83,105,13.73,1.12,106/1
2485,兆赫            ,4.58,105,56.67,1.38,106/1
2486,一詮            ,0,105,-,0.52,106/1
2488,漢平            ,9.04,105,7.69,1.55,106/1
2489,瑞軒            ,8.4,105,168.75,1.2,106/1
2491,吉祥全          ,0,105,-,1,106/1
2492,華新科          ,2.23,105,12.97,1.95,106/1
2493,揚博            ,9,105,11.46,1.29,106/1
2495,普安            ,5.66,105,17.28,1.05,106/1
2496,卓越            ,1.18,105,55.92,4.66,106/1
2497,怡利電          ,1.78,105,-,1.89,106/1
2498,宏達電          ,0,105,-,1.23,106/1
2499,東貝            ,0,105,-,0.71,106/1
2501,國建            ,7.59,105,6.69,0.97,106/1
2504,國產            ,0,105,-,0.64,106/1
2505,國揚            ,0,105,60.91,1.08,106/1
2506,太設            ,0.95,105,20.69,0.6,106/1
2509,全坤建          ,6.23,105,-,0.9,106/1
2511,太子            ,8.23,105,12.03,0.8,106/1
2514,龍邦            ,2.22,105,12.85,0.89,106/1
2515,中工            ,2.98,105,37.53,0.5,106/1
2516,新建            ,3.52,105,-,0.57,106/1
2520,冠德            ,5.43,105,14.36,0.86,106/1
2524,京城            ,0,105,15.98,0.83,106/1
2527,宏璟            ,3.95,105,405,0.71,106/1
2528,皇普            ,0,105,75,1.12,106/1
2530,華建            ,5.73,105,-,1.07,106/1
2534,宏盛            ,5.08,105,6.79,1.13,106/1
2535,達欣工          ,8,105,7.18,0.83,106/1
2536,宏普            ,8.97,105,31.2,0.66,106/1
2537,聯上發          ,8.47,105,33.71,0.65,106/1
2538,基泰            ,9.85,105,-,0.56,106/1
2539,櫻花建          ,8.93,105,9.09,1.77,106/1
2540,愛山林          ,0,105,15.64,1.01,106/1
2542,興富發          ,9.92,105,14.87,1.64,106/1
2543,皇昌            ,3.31,105,21.55,0.83,106/1
2545,皇翔            ,10.54,105,7.58,1.19,106/1
2546,根基            ,8.02,105,10.22,0.87,106/1
2547,日勝生          ,0,105,-,1.45,106/1
2548,華固            ,7.94,105,7.72,1.31,106/1
2597,潤弘            ,10.35,105,8.19,1.33,106/1
2601,益航            ,0,105,-,0.6,106/1
2603,長榮            ,0,105,-,1.16,106/1
2605,新興            ,3.43,105,23.45,0.73,106/1
2606,裕民            ,2.36,105,-,1.21,106/1
2607,榮運            ,2.52,105,18.78,0.7,106/1
2608,大榮            ,3.93,105,15.51,2.2,106/1
2609,陽明            ,0,105,-,1.3,106/1
2610,華航            ,0,105,-,0.99,106/1
2611,志信            ,0,105,-,0.48,106/1
2612,中航            ,1.86,105,-,0.56,106/1
2613,中櫃            ,2.05,105,39.85,0.48,106/1
2614,東森            ,0,105,13.91,1.32,106/1
2615,萬海            ,2.23,105,44.75,1.22,106/1
2616,山隆            ,5.99,105,6.73,1.17,106/1
2617,台航            ,0,105,-,0.62,106/1
2618,長榮航          ,3.29,105,37.07,1.17,106/1
2633,台灣高鐵        ,2.38,105,30.42,2.27,106/1
2634,漢翔            ,3.93,105,18.56,2.55,106/1
2636,台驊投控        ,3.57,105,17.36,1.21,106/1
2637,慧洋-KY         ,3.27,105,28.6,0.65,106/1
2642,宅配通          ,1.85,105,27.36,1.4,106/1
2701,萬企            ,5.38,105,16.61,0.84,106/1
2702,華園            ,3.29,105,32.92,1.37,106/1
2704,國賓            ,2.99,105,20.35,0.9,106/1
2705,六福            ,0,105,-,0.63,106/1
2706,第一店          ,6.01,105,15.71,0.93,106/1
2707,晶華            ,5.01,105,22.18,5.44,106/1
2712,遠雄來          ,1.99,105,61.22,2.07,106/1
2722,夏都            ,2.66,105,31.03,2.25,106/1
2723,美食-KY         ,1.5,105,26.68,5.64,106/1
2727,王品            ,1.96,105,36.96,3.84,106/1
2731,雄獅            ,3.72,105,27.92,3.5,106/1
2739,寒舍            ,6.24,105,14.94,1.91,106/1
2748,雲品            ,3.74,105,22.6,3.7,106/1
2801,彰銀            ,5.27,105,13.53,1.12,106/1
2809,京城銀          ,4.69,105,7.46,1.07,106/1
2812,台中銀          ,7.09,105,9.14,0.78,106/1
2816,旺旺保          ,0,105,11.83,0.85,106/1
2820,華票            ,5.64,105,13.67,0.87,106/1
2823,中壽            ,5.3,105,16.35,1.39,106/1
2832,台產            ,4.75,105,11.77,0.84,106/1
2834,臺企銀          ,4.72,105,9.53,0.7,106/1
2836,高雄銀          ,6.01,105,14.9,0.69,106/1
2838,聯邦銀          ,4.84,105,9.11,0.66,106/1
2841,台開            ,0,105,33.03,0.46,106/1
2845,遠東銀          ,6.63,105,9.81,0.73,106/1
2849,安泰銀          ,4.67,105,14.44,0.7,106/1
2850,新產            ,5.93,105,7.55,0.91,106/1
2851,中再保          ,3.39,105,8.68,0.84,106/1
2852,第一保          ,4.66,105,8.16,0.76,106/1
2855,統一證          ,2.88,105,13.97,0.81,106/1
2856,元富證          ,1.23,105,26.26,0.61,106/1
2867,三商壽          ,5.84,105,17.7,0.84,106/1
2880,華南金          ,6.84,105,14.5,1.15,106/1
2881,富邦金          ,4.25,105,10.31,1.17,106/1
2882,國泰金          ,4,105,13.37,1.25,106/1
2883,開發金          ,5.88,105,18.91,0.75,106/1
2884,玉山金          ,6.54,105,12.53,1.25,106/1
2885,元大金          ,3.31,105,12.25,0.79,106/1
2886,兆豐金          ,5.57,105,15.64,1.16,106/1
2887,台新金          ,6.86,105,13.33,0.96,106/1
2888,新光金          ,2.45,105,18.16,0.66,106/1
2889,國票金          ,7.38,105,12.82,0.81,106/1
2890,永豐金          ,7.33,105,12.72,0.74,106/1
2891,中信金          ,4.93,105,12.53,1.36,106/1
2892,第一金          ,6.91,105,14.06,1.25,106/1
2897,王道銀行        ,4.79,105,13.62,0.76,106/1
2901,欣欣            ,1.58,105,57.38,2.03,106/1
2903,遠百            ,4.43,105,20.79,0.76,106/1
2904,匯僑            ,6.22,105,17.09,1.58,106/1
2905,三商            ,6.51,105,11.88,1.03,106/1
2906,高林            ,3.56,105,37.5,0.79,106/1
2908,特力            ,4.78,105,16.99,1.51,106/1
2910,統領            ,1.79,105,112,2.16,106/1
2911,麗嬰房          ,0,105,-,0.83,106/1
2912,統一超          ,2.94,105,27.93,9.09,106/1
2913,農林            ,3.06,105,16.68,0.76,106/1
2915,潤泰全          ,1.8,105,6.91,1.92,106/1
2923,鼎固-KY         ,1.78,105,15.54,0.72,106/1
2929,淘帝-KY         ,4.37,105,10.11,1.83,106/1
2936,客思達-KY       ,9.18,105,9.55,1.06,106/1
3002,歐格            ,3.44,105,18.65,1.18,106/1
3003,健和興          ,3.04,105,19.03,1.78,106/1
3004,豐達科          ,2.98,105,13.44,1.84,106/1
3005,神基            ,7.33,105,10.57,1.7,106/1
3006,晶豪科          ,4.05,105,16.89,1.34,106/1
3008,大立光          ,1.17,105,30.36,9.09,106/1
3010,華立            ,5.13,105,11.71,1.17,106/1
3011,今皓            ,0,105,75.5,0.69,106/1
3013,晟銘電          ,2.56,105,13.93,1.5,106/1
3014,聯陽            ,8.75,105,14.02,1.33,106/1
3015,全漢            ,6.38,105,15.88,0.58,106/1
3016,嘉晶            ,0,105,216,1.94,106/1
3017,奇鋐            ,4.6,105,10.61,1.14,106/1
3018,同開            ,0.46,105,130.14,3.92,106/1
3019,亞光            ,1.89,105,43.09,1.4,106/1
3021,鴻名            ,5.09,105,12.5,1.18,106/1
3022,威強電          ,6.51,105,10.77,1.88,106/1
3023,信邦            ,5.24,105,14.06,2.75,106/1
3024,憶聲            ,0,105,2.64,0.8,106/1
3025,星通            ,1.7,105,198.13,1.48,106/1
3026,禾伸堂          ,6.22,105,18.87,1.08,106/1
3027,盛達            ,1.32,105,-,0.78,106/1
3028,增你強          ,8.45,105,15.04,0.79,106/1
3029,零壹            ,6.38,105,10.68,1.13,106/1
3030,德律            ,8.14,105,21.8,1.68,106/1
3031,佰鴻            ,4.89,105,15.72,1.12,106/1
3032,偉訓            ,4.82,105,13.96,2.32,106/1
3033,威健            ,6.11,105,14.96,1.07,106/1
3034,聯詠            ,5.93,105,15.25,2.49,106/1
3035,智原            ,2.64,105,12.8,1.7,106/1
3036,文曄            ,5.33,105,11.78,1.28,106/1
3037,欣興            ,1.68,105,81.14,0.64,106/1
3038,全台            ,4.15,105,18.17,0.87,106/1
3040,遠見            ,12.47,105,3.36,1.19,106/1
3041,揚智            ,0,105,-,1.09,106/1
3042,晶技            ,6.41,105,12.16,1.42,106/1
3043,科風            ,0,105,-,6.05,106/1
3044,健鼎            ,4.36,105,13.45,1.78,106/1
3045,台灣大          ,5.23,105,18.77,4.51,106/1
3046,建            ,0,105,-,1.02,106/1
3047,訊舟            ,4.81,105,104,0.88,106/1
3048,益登            ,3.02,105,13.91,1.18,106/1
3049,和鑫            ,0,105,-,1.08,106/1
3050,鈺德            ,3.24,105,14.94,0.61,106/1
3051,力特            ,0,105,-,0.79,106/1
3052,夆典            ,3.31,105,41.23,0.64,106/1
3054,立萬利          ,0.53,105,28.96,1.5,106/1
3055,蔚華科          ,4.57,105,19.1,0.69,106/1
3056,總太            ,14.04,105,4.06,0.85,106/1
3057,喬鼎            ,0,105,-,1.23,106/1
3058,立德            ,4.93,105,20.71,0.69,106/1
3059,華晶科          ,3.21,105,50.82,0.79,106/1
3060,銘異            ,4.91,105,22.97,1.2,106/1
3062,建漢            ,3.97,105,26.87,1.16,106/1
3090,日電貿          ,7.23,105,10.39,1.45,106/1
3094,聯傑            ,4.87,105,31.83,1.54,106/1
3130,一零四          ,6.84,105,17.14,3.21,106/1
3149,正達            ,0,105,-,2.61,106/1
3164,景岳            ,0,105,-,1.48,106/1
3167,大量            ,4.07,105,20.14,1.95,106/1
3189,景碩            ,3.76,105,19.18,1.23,106/1
3209,全科            ,6.36,105,13.52,1.59,106/1
3229,晟鈦            ,0,105,-,2.62,106/1
3231,緯創            ,4.85,105,25.16,1.22,106/1
3257,虹冠電          ,2.81,105,29.43,1.9,106/1
3266,昇陽            ,0,105,95,0.8,106/1
3296,勝德            ,5.13,105,17.86,1.5,106/1
3305,昇貿            ,8.18,105,16.21,0.88,106/1
3308,聯德            ,0,105,-,0.67,106/1
3311,閎暉            ,0,105,-,0.87,106/1
3312,弘憶股          ,0,105,16.14,0.68,106/1
3315,宣昶            ,0,105,66.88,1.2,106/1
3321,同泰            ,0,105,-,1.12,106/1
3338,泰碩            ,7.48,105,12.89,1.92,106/1
3346,麗清            ,3.92,105,19.9,3.86,106/1
3356,奇偶            ,3.81,105,-,1.85,106/1
3376,新日興          ,3.05,105,17.89,1.5,106/1
3380,明泰            ,4.09,105,15.71,1.29,106/1
3383,新世紀          ,0,105,-,0.62,106/1
3406,玉晶光          ,0,105,214.04,5.97,106/1
3413,京鼎            ,2.63,105,16.81,4.28,106/1
3416,融程電          ,5.26,105,20.65,2.08,106/1
3419,譁裕            ,2.18,105,15.78,1.42,106/1
3432,台端            ,0.7,105,-,0.72,106/1
3437,榮創            ,1.04,105,481.43,1.48,106/1
3443,創意            ,2.48,105,35.34,4.96,106/1
3450,聯鈞            ,6.12,105,15.26,3.94,106/1
3454,晶睿            ,5.43,105,14.66,2.51,106/1
3481,群創            ,0.63,105,7.05,0.67,106/1
3494,誠研            ,0,105,-,0.95,106/1
3501,維熹            ,7.43,105,10.17,1.14,106/1
3504,揚明光          ,0,105,-,1.17,106/1
3514,昱晶            ,0,105,-,0.73,106/1
3515,華擎            ,3.28,105,39.61,1.27,106/1
3518,柏騰            ,2.38,105,-,0.77,106/1
3519,綠能            ,0,105,-,1.17,106/1
3528,安馳            ,7.74,105,13.29,1.42,106/1
3532,台勝科          ,0.77,105,75.48,3.32,106/1
3533,嘉澤            ,2.61,105,17.73,1.85,106/1
3535,晶彩科          ,0,105,-,1.26,106/1
3536,誠創            ,0,105,54.62,4.06,106/1
3545,敦泰            ,1.7,105,36.46,1,106/1
3550,聯穎            ,8.4,105,13.22,0.78,106/1
3557,嘉威            ,0,105,-,0.98,106/1
3559,全智科          ,0,105,18.59,1.41,106/1
3561,昇陽光電        ,0,105,-,0.68,106/1
3576,新日光          ,0,105,-,1,106/1
3579,尚志            ,0,105,-,0.62,106/1
3583,辛耘            ,3.18,105,22.71,2.41,106/1
3588,通嘉            ,5.34,105,16.43,1.06,106/1
3591,艾笛森          ,0,105,-,0.54,106/1
3593,力銘            ,0,105,-,1.84,106/1
3596,智易            ,8.16,105,7.76,1.04,106/1
3605,宏致            ,2.1,105,20.28,0.91,106/1
3607,谷崧            ,5.36,105,-,0.64,106/1
3617,碩天            ,4.99,105,11.5,1.88,106/1
3622,洋華            ,0,105,-,0.52,106/1
3645,達邁            ,3.05,105,14.66,2.2,106/1
3653,健策            ,2.77,105,36.46,1.79,106/1
3661,世芯-KY         ,0,105,-,1.44,106/1
3665,貿聯-KY         ,3.38,105,23.39,3.83,106/1
3669,圓展            ,4.38,105,14.78,0.76,106/1
3673,TPK-KY          ,0,105,-,1.23,106/1
3679,新至陞          ,8.68,105,11.72,1.57,106/1
3682,亞太電          ,0,105,-,1.32,106/1
3686,達能            ,0,105,-,0.65,106/1
3694,海華            ,0,105,42.88,1.2,106/1
3698,隆達            ,0,105,-,0.87,106/1
3701,大眾控          ,0,105,11,1.4,106/1
3702,大聯大          ,5.81,105,12.83,1.49,106/1
3703,欣陸            ,4.39,105,11.18,0.42,106/1
3704,合勤控          ,1.37,105,-,0.77,106/1
3705,永信            ,3.47,105,16.88,1.95,106/1
3706,神達            ,7,105,9.2,0.84,106/1
3708,上緯投控        ,1.43,105,120.69,1.68,106/1
4104,佳醫            ,5.25,105,15.73,0.94,106/1
4106,雃博            ,2.64,105,24.8,1.65,106/1
4108,懷特            ,0,105,-,2.47,106/1
4119,旭富            ,6.09,105,17.6,1.76,106/1
4133,亞諾法          ,2.02,105,40.35,1.72,106/1
4137,麗豐-KY         ,4.92,105,20.79,3.04,106/1
4141,龍燈-KY         ,3.76,105,44.31,0.81,106/1
4142,國光生          ,0,105,-,1.8,106/1
4144,康聯-KY         ,2.42,105,12.36,1.47,106/1
4148,全宇生技-KY     ,3.34,105,13.83,2.72,106/1
4164,承業醫          ,2.3,105,26.85,1.22,106/1
4190,佐登-KY         ,5.02,105,15.95,2.86,106/1
4306,炎洲            ,2.3,105,-,0.84,106/1
4414,如興            ,0,105,-,2.51,106/1
4426,利勤            ,3.46,105,19.2,3.63,106/1
4438,廣越            ,3.69,105,28.57,2.79,106/1
4526,東台            ,2.36,105,-,1.02,106/1
4532,瑞智            ,6.67,105,13.17,2.15,106/1
4536,拓凱            ,5.71,105,14.54,2.13,106/1
4545,銘鈺            ,6.08,105,21.14,1.49,106/1
4551,智伸科          ,3.18,105,23.23,4.32,106/1
4552,力達-KY         ,7.37,105,11.34,2.24,106/1
4555,氣立            ,3.22,105,34.94,1.62,106/1
4557,永新-KY         ,6.61,105,10.33,2.07,106/1
4560,強信-KY         ,3.97,105,15.82,2.06,106/1
4720,德淵            ,4.17,105,22.15,1.17,106/1
4722,國精化          ,7.7,105,10.3,1.33,106/1
4725,信昌化          ,0,105,-,1.67,106/1
4737,華廣            ,5.83,105,22.68,1.77,106/1
4746,台耀            ,3.66,105,16.96,1.75,106/1
4755,三福化          ,5.14,105,8.95,1.01,106/1
4763,材料-KY         ,2.97,105,27.35,5.93,106/1
4807,日成-KY         ,4.67,105,11.56,3.1,106/1
4904,遠傳            ,5.1,105,21.3,3.24,106/1
4906,正文            ,5.14,105,12.4,1.03,106/1
4912,聯德控股-KY     ,2.08,105,52.31,5.65,106/1
4915,致伸            ,3.97,105,14.35,2.54,106/1
4916,事欣科          ,6.33,105,18.37,1.93,106/1
4919,新唐            ,5.19,105,15.35,2.77,106/1
4927,泰鼎-KY         ,3.83,105,14.9,0.9,106/1
4930,燦星網          ,2.17,105,-,0.44,106/1
4934,太極            ,0,105,-,0.88,106/1
4935,茂林-KY         ,6.09,105,9.31,1.04,106/1
4938,和碩            ,5.1,105,13.22,1.72,106/1
4942,嘉彰            ,6.06,105,12.25,0.55,106/1
4943,康控-KY         ,0.88,105,151.72,6.62,106/1
4952,凌通            ,9.78,105,10.03,1.78,106/1
4956,光鋐            ,0,105,37.87,1.02,106/1
4958,臻鼎-KY         ,3.12,105,16.23,1.55,106/1
4960,奇美材          ,0,105,-,0.69,106/1
4968,立積            ,1.6,105,76.09,6.4,106/1
4976,佳凌            ,0,105,-,2.86,106/1
4977,眾達-KY         ,5.24,105,15.48,3.49,106/1
4984,科納-KY         ,10.42,105,8.15,1.11,106/1
4994,傳奇            ,0,105,-,4.78,106/1
4999,鑫禾            ,5.63,105,9.35,1.37,106/1
5007,三星            ,4.88,105,13.54,2.51,106/1
5203,訊連            ,2.5,105,23.74,1.42,106/1
5215,科嘉-KY         ,9.04,105,25.74,1.01,106/1
5225,東科-KY         ,3.85,105,13.66,1.26,106/1
5234,達興材料        ,7.03,105,10.07,1.79,106/1
5243,乙盛-KY         ,3.31,105,20.11,1.37,106/1
5258,虹堡            ,5.2,105,9.42,1.82,106/1
5259,清惠            ,0,105,-,3.15,106/1
5264,鎧勝-KY         ,3.83,105,15.98,1.29,106/1
5269,祥碩            ,1.53,105,46.46,11.18,106/1
5284,jpp-KY          ,4.01,105,15.36,1.82,106/1
5285,界霖            ,3.35,105,25.43,2.33,106/1
5288,豐祥-KY         ,4.45,105,13.3,2.34,106/1
5305,敦南            ,3.88,105,19.47,1.32,106/1
5388,中磊            ,5.28,105,13.72,2.67,106/1
5434,崇越            ,5.46,105,12.96,2.3,106/1
5469,瀚宇博          ,3.8,105,6.81,0.58,106/1
5471,松翰            ,5.41,105,19.67,1.85,106/1
5484,慧友            ,0,105,-,0.68,106/1
5515,建國            ,5.36,105,51.78,0.65,106/1
5519,隆大            ,4.46,105,6.55,0.66,106/1
5521,工信            ,1.71,105,40.34,0.96,106/1
5522,遠雄            ,9.54,105,10.04,0.76,106/1
5525,順天            ,2.17,105,65.95,0.87,106/1
5531,鄉林            ,4.61,105,60.28,0.89,106/1
5533,皇鼎            ,4.21,105,26.19,0.61,106/1
5534,長虹            ,8.66,105,7.2,1.55,106/1
5538,東明-KY         ,6.25,105,9.97,1.53,106/1
5607,遠雄港          ,0,105,11.47,0.67,106/1
5608,四維航          ,0,105,-,0.56,106/1
5706,鳳凰            ,5.71,105,13.89,2.03,106/1
5871,中租-KY         ,3.98,105,12.5,2.41,106/1
5880,合庫金          ,6.4,105,13.9,0.98,106/1
5906,台南-KY         ,0,105,-,1.44,106/1
5907,大洋-KY         ,3.92,105,9.7,0.51,106/1
6005,群益證          ,3.7,105,14.08,0.72,106/1
6108,競國            ,6.71,105,9.06,1.3,106/1
6112,聚碩            ,6.39,105,12.52,1.51,106/1
6115,鎰勝            ,8.88,105,12.55,1.59,106/1
6116,彩晶            ,5.58,105,4.27,0.74,106/1
6117,迎廣            ,0,105,-,1.15,106/1
6120,達運            ,2.17,105,18.97,0.74,106/1
6128,上福            ,7.37,105,10.13,1.86,106/1
6131,悠克            ,0,105,-,1.99,106/1
6133,金橋            ,2.13,105,117.13,0.73,106/1
6136,富爾特          ,8.46,105,9.98,0.9,106/1
6139,亞翔            ,4.3,105,12.54,1.03,106/1
6141,柏承            ,1.65,105,-,1.44,106/1
6142,友勁            ,6.58,105,-,0.72,106/1
6145,勁永            ,0,105,-,0.9,106/1
6152,百一            ,0,105,239.5,0.75,106/1
6153,嘉聯益          ,2.49,105,60.91,0.87,106/1
6155,鈞寶            ,4.78,105,39.56,1.12,106/1
6164,華興            ,6.77,105,9.65,0.98,106/1
6165,捷泰            ,0,105,-,6.6,106/1
6166,凌華            ,2.86,105,34.37,2.98,106/1
6168,宏齊            ,0,105,-,0.85,106/1
6172,互億            ,0,105,57.89,1.13,106/1
6176,瑞儀            ,6.5,105,9.31,1.44,106/1
6177,達麗            ,8.22,105,35.07,1.52,106/1
6183,關貿            ,4.4,105,19.96,2,106/1
6184,大豐電          ,1.32,105,-,1.41,106/1
6189,豐藝            ,7.53,105,15.59,1.51,106/1
6191,精成科          ,3.67,105,12.25,0.52,106/1
6192,巨路            ,3.49,105,12.27,1.59,106/1
6196,帆宣            ,5.33,105,12.57,1.37,106/1
6197,佳必琪          ,4.04,105,11.83,1.4,106/1
6201,亞弘電          ,8.86,105,10.92,1.24,106/1
6202,盛群            ,6.38,105,15.51,3.03,106/1
6205,詮欣            ,5.52,105,11.4,1.55,106/1
6206,飛捷            ,5.11,105,18.21,3.09,106/1
6209,今國光          ,1.93,105,370,1.16,106/1
6213,聯茂            ,6.14,105,12.48,1.78,106/1
6214,精誠            ,7.84,105,11.66,1.23,106/1
6215,和椿            ,3.7,105,33.75,1,106/1
6216,居易            ,8.32,105,11.81,1.8,106/1
6224,聚鼎            ,7.28,105,12.97,2.37,106/1
6225,天瀚            ,0,105,-,101.33,106/1
6226,光鼎            ,1.39,105,11.36,0.83,106/1
6230,超眾            ,5.79,105,13.31,2.96,106/1
6235,華孚            ,9.48,105,2.7,1.43,106/1
6239,力成            ,4.03,105,15.26,2.09,106/1
6243,迅杰            ,0,105,-,1.49,106/1
6251,定穎            ,0,105,131.71,0.63,106/1
6257,矽格            ,5.95,105,12.28,1.22,106/1
6269,台郡            ,3.83,105,16.01,2.1,106/1
6271,同欣電          ,4.74,105,23.56,1.99,106/1
6277,宏正            ,6.93,105,13.31,2.67,106/1
6278,台表科          ,4.11,105,15.92,0.66,106/1
6281,全國電          ,7.01,105,14.16,2.42,106/1
6282,康舒            ,6,105,28.13,1.48,106/1
6283,淳安            ,2,105,61.73,4.57,106/1
6285,啟            ,4.3,105,15.6,2.42,106/1
6289,華上            ,0,105,-,3.62,106/1
6405,悅城            ,1.16,105,-,0.61,106/1
6409,旭隼            ,3.84,105,28.96,9.06,106/1
6412,群電            ,4.49,105,16.46,3.03,106/1
6414,樺漢            ,2.62,105,30.02,5.05,106/1
6415,矽力-KY         ,0.87,105,30.51,5.52,106/1
6422,君耀-KY         ,5.86,105,11.63,2.06,106/1
6431,光麗-KY         ,0,105,-,1.06,106/1
6442,光聖            ,6.72,105,13.09,1.44,106/1
6443,元晶            ,0,105,-,1.02,106/1
6449,鈺邦            ,5.16,105,13.17,1.9,106/1
6451,訊芯-KY         ,5.62,105,12.63,1.79,106/1
6452,康友-KY         ,2.27,105,30.66,5.17,106/1
6456,GIS-KY          ,1.64,105,21.56,5.97,106/1
6464,台數科          ,1.85,105,20.07,2.13,106/1
6477,安集            ,1.27,105,-,1,106/1
6504,南六            ,3.25,105,17.86,3.94,106/1
6505,台塑化          ,5.8,105,11.21,2.98,106/1
6525,捷敏-KY         ,6.61,105,11.23,2.13,106/1
6531,愛普            ,2.65,105,17.68,2.07,106/1
6533,晶心科          ,0,105,-,4.64,106/1
6552,易華電          ,2.37,105,40,1.8,106/1
6582,申豐            ,5.81,105,10.92,2.63,106/1
6605,帝寶            ,3.62,105,15.89,1.17,106/1
8011,台通            ,2.59,105,22.97,0.93,106/1
8016,矽創            ,6.79,105,10.97,2.18,106/1
8021,尖點            ,3.71,105,14.97,0.91,106/1
8033,雷虎            ,0,105,-,1.69,106/1
8039,台虹            ,5.23,105,14.11,1.18,106/1
8046,南電            ,3.16,105,-,0.51,106/1
8070,長華            ,7.58,105,12.08,1.48,106/1
8072,陞泰            ,2.5,105,333.33,0.75,106/1
8081,致新            ,7.41,105,14.45,1.43,106/1
8101,華冠            ,0,105,-,0.84,106/1
8103,瀚荃            ,5.67,105,10.55,1.09,106/1
8105,凌巨            ,1.11,105,13.08,0.99,106/1
8110,華東            ,1.9,105,10.78,0.76,106/1
8112,至上            ,7.71,105,8.6,1.68,106/1
8114,振樺電          ,5.02,105,18.7,4.51,106/1
8131,福懋科          ,7.12,105,12.38,1.18,106/1
8150,南茂            ,3.27,105,7.34,1.42,106/1
8163,達方            ,8.16,105,13.46,0.86,106/1
8201,無敵            ,0,105,-,1.01,106/1
8210,勤誠            ,5.89,105,9.92,2.11,106/1
8213,志超            ,5.05,105,9.49,0.81,106/1
8215,明基材          ,0,105,-,1.49,106/1
8222,寶一            ,3.43,105,37.58,1.75,106/1
8249,菱光            ,7.19,105,9.85,0.83,106/1
8261,富鼎            ,3,105,44.06,1.47,106/1
8271,宇瞻            ,5.83,105,11.37,1.65,106/1
8341,日友            ,2.83,105,28.55,6.94,106/1
8374,羅昇            ,0.55,105,19.36,1.19,106/1
8404,百和興業-KY     ,1.78,105,30.32,3.24,106/1
8411,福貞-KY         ,4.28,105,12.05,0.96,106/1
8422,可寧衛          ,6.73,105,13.38,3.3,106/1
8427,基勝-KY         ,7.65,105,7.66,1.18,106/1
8429,金麗-KY         ,2.67,105,7.45,1,106/1
8442,威宏-KY         ,4.04,105,24.22,2.17,106/1
8443,阿瘦            ,1.97,105,-,0.64,106/1
8454,富邦媒          ,3.86,105,25.21,4.8,106/1
8463,潤泰材          ,5.99,105,15.04,1.14,106/1
8464,億豐            ,2.73,105,28.61,9.12,106/1
8466,美吉吉-KY       ,5.79,105,14.02,3.08,106/1
8467,波力-KY         ,4.64,105,19.88,1.2,106/1
8473,山林水          ,5.21,105,16.33,1.43,106/1
8480,泰昇-KY         ,4.56,105,16.29,3.1,106/1
8481,政伸            ,5.69,105,14.64,2.12,106/1
8488,吉源-KY         ,4.98,105,10.02,0.97,106/1
8926,台汽電          ,5.12,105,16.4,1.18,106/1
8940,新天地          ,0,105,-,1.14,106/1
8996,高力            ,6.54,105,17.06,2.05,106/1
9802,鈺齊-KY         ,3.52,105,15.74,2.22,106/1
9902,台火            ,0,105,-,0.84,106/1
9904,寶成            ,3.59,105,10.54,1.64,106/1
9905,大華            ,5.42,105,13.42,1.22,106/1
9906,欣巴巴          ,3.33,105,20.97,1.67,106/1
9907,統一實          ,2.69,105,20.81,1.25,106/1
9908,大台北          ,3.94,105,15,1.2,106/1
9910,豐泰            ,3.82,105,21.15,6.63,106/1
9911,櫻花            ,7.39,105,10.95,1.82,106/1
9912,偉聯            ,0,105,409,0.8,106/1
9914,美利達          ,2.53,105,26.78,3.85,106/1
9917,中保            ,3.77,105,45.99,4,106/1
9918,欣天然          ,3.55,105,25.71,1.97,106/1
9919,康那香          ,1.83,105,-,0.89,106/1
9921,巨大            ,2.97,105,23.18,3.18,106/1
9924,福興            ,6.8,105,10.56,1.53,106/1
9925,新保            ,5.06,105,16.48,1.54,106/1
9926,新海            ,3.96,105,24.34,2.51,106/1
9927,泰銘            ,6.31,105,9.08,1.64,106/1
9928,中視            ,0,105,-,0.95,106/1
9929,秋雨            ,0,105,6.46,1.66,106/1
9930,中聯資源        ,5.33,105,18.55,2.7,106/1
9931,欣高            ,3.92,105,23.01,1.8,106/1
9933,中鼎            ,5.05,105,17.82,2.26,106/1
9934,成霖            ,5.14,105,-,1.25,106/1
9935,慶豐富          ,0,105,25.61,1.3,106/1
9937,全國            ,4.98,105,18.17,2.58,106/1
9938,百和            ,2.53,105,23.24,4.46,106/1
9939,宏全            ,4.31,105,12.64,1.45,106/1
9940,信義            ,4.05,105,19.37,2.27,106/1
9941,裕融            ,4.29,105,16.97,3.07,106/1
9942,茂順            ,4.83,105,14.53,2.46,106/1
9943,好樂迪          ,7.91,105,11.37,1.89,106/1
9944,新麗            ,1.52,105,47.02,0.74,106/1
9945,潤泰新          ,6.04,105,7.56,1.37,106/1
9946,三發地產        ,4.07,105,10.17,0.67,106/1
9955,佳龍            ,0,105,-,0.71,106/1
9958,世紀鋼          ,3.1,105,24.79,0.77,106/1
,,,,,,
"說明： 

本網頁資料僅供研究參考用途，任何資料均不應視為對買賣證券之投資建議。

",,,,,,
本網頁資料推計基礎如下：,,,,,,
1. 本益比 = 收盤價／每股參考稅後純益，其中每股參考稅後純益 = 該公司稅後參考純益／發行參考股數，當每股參考稅後純益為0或負數時，則不計算本益比。以上純益資料採用各上市公司於公開資訊觀測站過去已申報格式化之近滿4季財務報告為計算基礎。依據一般公認會計準則，若新設公司非於1月1日設立，該公司申報全年度合併財務報表採用自設立日起編製，未追溯自年初編製，當遇有上開公司在計算其「本益比」時，仍採用該公司申報資料計算。例如合庫金控(5880)於100年12月1日設立，在上市初期該公司「本益比」所採計之最近四季稅後純益為自成立以來迄至100年底之稅後純益計算，特此說明。 ,,,,,,
2. 殖利率 = 每股股利／收盤價*100%，其中每股股利採用該公司近期每股配發之盈餘分配之現金股利(元/股) + 法定盈餘公積、資本公積發放之現金 (元/股) + 盈餘轉增資股票股利(元/股)為計算基礎。 ,,,,,,
3. 股價淨值比 = 收盤價／每股參考淨值，其中每股參考淨值採用公開資訊觀測站公告之最近一季每股參考淨值，於102年5月中旬之前採用該公司最近一季淨值除以除權變動之採樣股數為推計基礎。,,,,,,
4. 股利年度：計算殖利率，所採用上市公司於公開資訊觀測站公告之股利分派年度。(如股利年度為105，表示該公司以105年之盈餘分派股利),,,,,,
5. 財報年／季：計算本益比及股價淨值比，所參考上市公司於公開資訊觀測站申報之財務報告年度季別。,,,,,,
6. 本網頁所採用發行參考股數是以公開資訊觀測站公告最近一季財務報表之淨值及每股參考淨值為推計基礎，於102年5月中旬之前採用除權變動之採樣股數為推計基礎。上市公司於公開資訊觀測站未申報格式化之財務報告或未齊全者，不計算本益比及股價淨值比或以其申報及相關資料推計。以上本網頁所採用之財務及股利相關資料為計算當時公開資訊觀測站已公告申報格式化之資料，而非同期即時資訊，且不作回溯計算，謹此說明。當日若無收盤價則以本公司營業細則第58-3條第2項第2款之原則所決定價格替代。,,,,,,
7. 股利年度及財報年/季資訊自民國106年4月12日起提供。,,,,,,
