住家房屋仲介有限公司,姜禮鴻,姜禮鴻	,2921-4418	,新北市中和區中和路362之1號11樓
創登興業有限公司,陳美珠	,陳美珠	,2636-1881	,新北市三芝區土地公坑54之5號1樓
安祥房屋仲介有限公司,林家材	,林家材	,8215-1579	,新北市新店區安祥路104之9號1樓
新店不動產仲介經紀有限公司,唐淑惠	,李增得	,2913-3333	,新北市新店區中興路一段179號1樓
凱盟不動產仲介經紀有限公司,張盛文	,張盛文	,2662-5527	,新北市深坑區文化街96號
我愛芳鄰房屋仲介有限公司,邱春美	,彭錦祥	,2210-1456	,新北市新店區玫瑰路30號
信德房屋仲介有限公司,侯佩杉	,李天寶	,2272-0570	,新北市板橋區文化路一段219之2號
金大眾不動產仲介經紀有限公司,黃賴採美,黃賴採美 ,2202-1859,新北市新莊區萬安街133號
新芝蘭不動產仲介經紀有限公司,陳文肯	,陳文肯	,2625-8369	,新北市淡水區北新路80號
寶鎮房屋仲介有限公司,連曙光,連曙光	,2643-0188	,新北市汐止區建成路146號
蔡萬房屋仲介有限公司,蔡 萬,蔡萬	,2636-8811	,新北市三芝區北勢子3之1號
嘉家房屋仲介有限公司,劉嘉辰	,劉嘉辰	,2647-5056	,新北市汐止區連興街54號
三井不動產鑑定顧問股份有限公司,黃英傑	,黃英傑	,2212-1555	,新北市新店區安和路一段15號1樓
三好房屋仲介有限公司,簡聰華	,陳旖晴	,2609-5888	,新北市林口區文化三路一段573號1樓
權嵂不動產經紀有限公司,莊裕權	,莊裕權	,2244-3333	,新北市中和區景安路34號
大吉地房屋仲介有限公司,葉玥麟	,葉玥麟	,2629-7484	,新北市淡水區學府路49之1號2樓
家合不動產仲介經紀有限公司,蔡維杰	,蔡維杰	,8965-8000	,新北市板橋區府中路22號2樓
老闆廠辦房屋仲介有限公司,呂麟鳳	,莊進聰	,8221-3155	,新北市中和區中山路二段466號
住旺不動產仲介經紀有限公司,劉子萱	,劉子萱	,2672-2300	,新北市三峽區大同路41之5號
岳昇不動產仲介經紀有限公司,高美華,劉連旺	,2972-4199	,新北市三重區集美街97號1樓
房先生房屋仲介有限公司,謝梅招	,謝梅招	,2649-2653	,新北市汐止區大同路二段263之1號
慈祥房屋仲介有限公司,陳世昌	,陳世昌	,2694-0805	,新北市汐止區福德一路158號
園順房屋仲介有限公司,劉國材	,劉國材	,2672-8885	,新北市三峽區國光街20號
上揚不動產開發有限公司,陳奇福	,陳奇福	,2277-7221	,新北市新莊區中正路147之16號
三采房屋仲介企業社,曾聖翔	,曾江山	,8773-2216	,新北市林口區文化二路一段378號
八廣房屋仲介有限公司,黃垠壽	,黃垠壽	,2916-0452	,新北市新店區三民路62號1樓
地王不動產投資顧問股份有限公司,陳慧珊	,陳慧珊	,2299-1566	,新北市新莊區五工五路3號2樓
峻得不動產仲介經紀有限公司,鐘耀泉	,鐘耀泉	,2293-1210	,新北市五股區成泰路三段417號
上手不動產仲介經紀有限公司,曾加雄	,曾加雄	,2277-6372	,新北市新莊區昌平街47號1樓
寶地房屋仲介有限公司,葉經宇	,葉經宇	,2809-3334	,新北市淡水區民權路131號
明慶不動產有限公司,李春明	,李春明	,8687-2233	,新北市樹林區保安街一段16巷22號5樓
永福不動產顧問有限公司,石博文	,石博文	,2251-4444	,新北市板橋區文德路61號
相合房屋仲介有限公司,劉國賢	,劉國賢	,2908-5822	,新北市新莊區頭前路129號
家林不動產仲介有限公司,蔡朝發	,蔡朝發	,2609-3535	,新北市林口區文化三路一段367號1樓
神農不動產經紀有限公司,謝媚鳳	,謝媚鳳	,2805-1188	,新北市淡水區中正路二段213號
品誠房屋仲介股份有限公司,楊朝勝	,高志鋒	,2647-0000	,新北市汐止區新台五路一段173號
	禾佳企業社,梅雨涵	,梅雨涵	,2946-0869	,新北市中和區華新街92號1樓
台忠不動產有限公司,林塑育	,林塑育	,2208-1611	,新北市新莊區後港一路112號
金龍國際不動產仲介經紀開發有限公司,高凡茜,高明郎	,2692-1888	,新北市汐止區明峰街2號
宏宜不動產有限公司,盧寬容	,盧寬容	,8677-3684,新北市鶯歌區建國路262、264號1樓
富聖不動產經紀有限公司,王錦鈴	,王錦鈴	,2264-7070	,新北市土城區學府路一段106號1樓
喬治亞不動產仲介股份有限公司,周震宇	,周震宇	,2600-0199	,新北市林口區文化三路一段394巷36號8樓之2
長江不動產行銷顧問企業社,江智文	,江智文	,8674-2211	,新北市三峽區復興路311之3號1樓
誠鎮房屋仲介有限公司,江永吉	,江永吉	,8635-1155	,新北市三芝區中興街一段39號
仲誠不動產經紀有限公司,陳大川	,陳大川	,8976-2660	,新北市三重區重新路三段110號
崧浩實業有限公司鶯歌分公司,詹智民	,詹智民	,2677-6600	,新北市鶯歌區建國路175號1樓
財欣不動產管理顧問有限公司,林德泉	,籃茂山	,2270-0888	,新北市土城區中央路一段67之3號5樓
睦庭房屋企業股份有限公司,蔡展羽	,蔡展羽	,8691-0168	,新北市汐止區青山路17號1樓
嵩展不動產經紀有限公司,盧煉輝	,盧煉輝	,2626-9396	,新北市淡水區中山北路二段2號
皇家房屋仲介社,蕭明輝	,蕭明輝	,2687-9111	,新北市板橋區大觀路三段265號
芳林房屋仲介企業有限公司,吳佳樺,吳佳樺,2608-0777	,新北市林口區文化北路一段281號1樓
青島不動產仲介經紀有限公司,張哲銘	,張哲銘	,8982-0488	,新北市三重區重新路三段21號
禾豐不動產仲介有限公司,謝科年	,謝科年	,2212-3388	,新北市新店區華城路72之1號
都營不動產開發股份有限公司,陳興義	,謝秉吾	,8923-5000	,新北市永和區中和路453號1樓
皇地不動產經紀仲介有限公司,林進華	,林進華	,2276-7777	,新北市新莊區公園路34號1樓
普泰不動產仲介經紀有限公司,徐文崇	,徐文崇	,2674-7000	,新北市三峽區學成路248號
您好不動產仲介經紀有限公司,張金源	,張金源	,8631-7777	,新北市淡水區淡金路三段161號1樓
東陞國際開發有限公司,郭文中	,陳明全	,2641-9988	,新北市汐止區新台五路一段179號
紘居不動產仲介經紀有限公司,章淑靜	,張傑	,2927-2100	,新北市中和區中和路432號
欣佳不動產經紀有限公司,張賢勇	,張賢勇	,2232-3801	,新北市永和區永貞路108號3樓
福得不動產開發有限公司,吳芳明	,吳芳明	,2694-7308	,新北市汐止區原興路60巷7號1樓
同人不動產仲介經紀有限公司,黃彥璋	,黃彥璋	,2208-2277	,新北市新莊區富國路140號
冠權房屋仲介有限公司,蘇立傑	,蘇立傑	,2600-6888	,新北市林口區文化三路一段383號
新巢代不動產經紀有限公司,吳夢麟	,吳夢麟	,2955-7989	,新北市板橋區四川路一段90號
全洲房地產仲介有限公司,包進榮	,包進榮	,2214-0004	,新北市新店區安康路三段704號
連霸有限公司,陳佩芬	,陳佩芬	,2267-7001	,新北市土城區中央路四段15號
明義房屋仲介有限公司,徐美惠	,徐美惠	,2293-5060	,新北市五股區成泰路一段235號之3
鑫辰國際不動產投資顧問有限公司,何長發	,何長發	,2299-9192	,新北市新莊區五工路70號4樓
唯聯國際顧問有限公司,陳文鑾	,陳文鑾	,8282-7722	,新北市蘆洲區中山一路238號5樓
田東家有限公司,林子翔	,黃倉駿	,2984-4499,新北市三重區三和路三段50號
鴻銓房屋仲介股份有限公司,蔣昆霖	,蔣昆霖	,2981-6836	,新北市三重區力行路一段273號2樓
致正建設開發股份有限公司,李勝利	,李勝利	,2231-9999	,新北市永和區永和路一段72巷4號
宏壹不動產企業社,謝豐田	,謝豐田	,2973-5555 	,新北市三重區成功路100號
鍾媽媽不動產仲介經紀有限公司,蔡裕堂,蔡裕堂,2805-7088	,新北市淡水區沙崙路200號
榮樹建設股份有限公司,許丁輝	,張五華	,2926-2929	,新北市永和區福和路139號7樓
亞億不動產仲介經紀有限公司,溫世偉	,溫世偉	,8531-3030	,新北市泰山區全興路115號1樓
耀星房屋仲介有限公司,蕭雅之	,蕭雅之	,2967-5242	,新北市永和區永和路二段147號11樓之1
海景房屋仲介經紀有限公司,杜秋霞	,杜秋霞	,2626-9911	,新北市淡水區中正東路一段135之1號
立新不動產有限公司,張耿豪	,張耿豪	,8630-1001	,新北市八里區中華路二段502號
寶來發不動產仲介經紀有限公司,商景勳	,商景勳	,2275-0098	,新北市板橋區大觀路二段153巷8號
永大不動產有限公司,吳滄池	,鍾孟宏	,2808-1688	,新北市淡水區民權路139號1樓
希望不動產經紀有限公司,劉肇初	,劉肇初	,8282-8811	,新北市蘆洲區長榮路379號1樓
大興不動產有限公司,王競民	,王競民	,8631-5555	,新北市淡水區中正東路57號1樓
安信不動產投資顧問有限公司,林美英	,林美英	,2695-1522	,新北市汐止區福德一路92號
長宏國際地產有限公司,簡宏宇	,簡宏宇	,2918-2255	,新北市新店區寶橋路188號8樓
高明房屋仲介有限公司,蔡志成	,蔡志成	,8666-0022	,新北市新店區寶橋路2號2樓
吳秀權不動產仲介經紀有限公司,吳秀權	,蔡輝文	,8631-0099	,新北市淡水區新春街126巷13號1樓
管家不動產仲介經紀有限公司,賴金聲	,賴金聲	,2808-3309	,新北市淡水區民族路33巷15號5樓
詠盛房屋仲介有限公司,鄭雯心	,鄭雯心	,2647-9376	,新北市汐止區新興路83之5號1樓
達觀不動產仲介經紀有限公司,李彥良,李彥良	,2602-2293	,新北市林口區文化二路二段185號
時代經典不動產經紀有限公司,徐淑慧	,徐淑慧	,2608-1888	,新北市林口區文化二路一段12號1樓
北大世紀不動產經紀有限公司,詹智民	,詹智民	,2673-7700	,新北市三峽區復興路457號
永舜不動產仲介經紀有限公司,廖麟鑫	,廖麟鑫	,8677-7777	,新北市鶯歌區建國路165號1樓
萊爾富不動產經紀有限公司,黃詠暉	,黃詠暉,8282-6666	,新北市蘆洲區長榮路284號
三芝不動產經紀有限公司,簡振飛	,簡振飛	,2636-3676	,新北市三芝區淡金路二段89號
興樺房屋仲介有限公司,李媚瑛,李媚瑛,2213-1117 ,新北市新店區黎明路45號2樓  
東業房屋仲介股份有限公司,施慶宏	,施慶宏	,2917-9988	,新北市新店區中興路三段136號1樓
龍邑不動產仲介有限公司,謝服從	,謝孟甫	,8992-3066	,新北市新莊區民樂街107號
二十甲工商法仲不動產有限公司,林有發	,林有發	,8993-7177	,新北市新莊區中原路335號
誠正不動產有限公司,黃啟銘	,黃啟銘	,8671-5577	,新北市三峽區復興路307號1樓
永和市房屋經紀有限公司,賴竹良	,賴竹良	,2924-1000	,新北市永和區永貞路42號1樓
宅事通房屋仲介有限公司,李春明	,朱忠順,2675-6000	,新北市樹林區中山路一段184之1號
大漢微風不動產經紀有限公司,陳政敏,陳振瀅,2913-0033	,新北市新店區中興路一段282號
彭國房屋仲介有限公司,彭國卿	,彭國卿	,2647-9909	,新北市汐止區樟樹一路119巷2號1樓
安宇不動產有限公司,陶泗華	,陶泗華	,2949-5162	,新北市中和區景平路170號6樓
京石不動產仲介有限公司,許詠甯	,許詠甯	,2678-7000	,新北市鶯歌區建國路213號1樓
守信不動產經紀有限公司,張惠揚	,張惠揚	,2206-3456	,新北市新莊區民安西路245巷10弄5號5樓
宏安不動產仲介經紀業有限公司,王于珍	,張鎮陵	,2263-7368	,新北市土城區中央路二段52號1樓
永霖不動產仲介有限公司,林振義	,林振義	,2994-6666	,新北市新莊區中原路5號
馥記山莊房屋仲介有限公司,呂重光	,呂重光	,2691-1419	,新北市汐止區勤進路112號1樓
華溱不動產仲介經紀有限公司,鄭芷欣	,鄭芷欣	,2628-1177	,新北市淡水區新市二路四段82號
城品不動產仲介有限公司,吳世昌	,吳世昌	,2934-1829	,新北市新店區寶橋路2號2樓
閤家歡房屋仲介經紀有限公司,徐茂鑫	,徐茂鑫	,2274-2288	,新北市土城區金城路三段42號1樓
立榛不動產經紀有限公司,鍾達煜	,鍾達煜	,8953-1010	,新北市板橋區漢生東路111號1樓
永誠不動產仲介顧問社,黃麗珠	,黃麗珠	,2277-7175	,新北市新莊區新泰路227號8樓之3
吉正房屋仲介有限公司,林紫薇	,吳京龍	,2265-0295	,新北市土城區立仁街9巷5號
地球村房屋仲介有限公司,白美粧	,黃協恭	,2232-8522	,新北市中和區中安街218號1樓
遠建不動產有限公司,沈麗瑩	,沈麗瑩	,2219-9566	,新北市新店區中正路499號
永上不動產仲介經紀有限公司,陳正任	,陳正任	,2989-9595	,新北市三重區大勇街39號1樓
嘉禾城不動產投資顧問有限公司,簡宏汶	,簡宏汶	,2269-0055	,新北市土城區亞洲路2號
茶米不動產仲介經紀有限公司,巫漢鈞	,巫漢鈞	,2682-2230	,新北市樹林區樹新路141號
北大誠不動產經紀有限公司,詹智民	,詹智民	,2674-0808	,新北市三峽區學成路259號1樓
翔馳不動產有限公司,陳明勇	,陳明勇	,2600-3737	,新北市林口區文化三路一段173號1樓
鼎家不動產仲介經紀有限公司,劉一文	,劉一文	,2274-1688	,新北市土城區裕民路92巷22弄3號
朝日不動產工業有限公司,黃年億	,黃年億	,2689-2345	,新北市樹林區三俊街256號1樓
正航房屋仲介有限公司,白章珍	,白章珍	,2808-6699	,新北市淡水區民權路177之5號1樓
北宜房屋仲介有限公司,吳碧霞	,吳碧霞	,8217-1111	,新北市新店區北宜路二段8號
康久麗服務有限公司,杜仟惠	,杜仟惠	,2622--2888	,新北市淡水區重建街69號5樓
仲神房屋仲介有限公司,方振茂	,方振茂	,2270-0387	,新北市土城區學府路一段210號2樓
東區有限公司,鍾玉文	,鍾玉文	,2674-8885	,新北市三峽區長泰街80號
品新不動產經紀有限公司,楊朝勝	,楊朝勝	,8642-2255,新北市汐止區新台五路一段173號
佳山不動產投資顧問有限公司,林詹涂	,何仲泰	,2201-9010	,新北市新莊區新樹路207號之8五樓
壹零壹房地經紀顧問有限公司,高孝平	,高孝平	,2600-8000	,新北市林口區文化三路一段364號
安欣不動產經紀有限公司,李讚育	,李讚育	,2629-4567	,新北市淡水區新民街120巷6號
冠權欣業不動產仲介經紀有限公司,蔡一裕	,蔡一裕	,2610-5679	,新北市八里區中華路二段312號
日盈不動產仲介經紀有限公司,張惠山	,張惠山	,8941-0839	,新北市中和區宜安路113號
立佳不動產有限公司,賀廣萍	,賀廣萍	,2600-0012	,新北市林口區文化三路一段39巷299號
大漢春風不動產經紀有限公司,陳政敏	,陳振瀅	,2913-0033	,新北市新店區溪園路405號1樓
廣富物業管理有限公司,莊家綮	,莊家綮	,2202-7000	,新北市新莊區成功街67號
遠東廠辦有限公司,唐尚祿	,唐尚祿	,8228-2333	,新北市中和區中山路二段468號
有發不動產經紀有限公司,陳國昌	,陳國昌	,2805-6769	,新北市淡水區沙崙路191號
新利業房屋仲介有限公司,秦志秀	,秦志秀	,2910-7988	,新北市新店區北新路二段189號
玖毅不動產有限公司,陳淑禎	,饒志敏	,2263-9696	,新北市土城區明德路二段213號
大雅不動產仲介經紀有限公司,沈雅純	,沈雅純	,2621-5678,新北市淡水區濱海路一段151號
東陽開發有限公司,趙賢彬	,胡維	,8522-7998	,新北市新莊區中山路一段109號22樓之8
兆興不動產仲介經紀有限公司,翁如鋒	,翁杰人	,2629-6886	,新北市淡水區學府路77號1樓
捷運讚不動產經紀有限公司,張榮隆	,李健聰,2288-2222	,新北市蘆洲區三民路81號1樓
台金國際資產管理有限公司,楊國強	,楊國勝	,2809-8093	,新北市淡水區自強路96號
老莊興業有限公司,楊雅玲,楊國勝	,2618-2000	,新北市八里區龍米路一段240號
展躍不動產有限公司,潘麗銀	,潘文進	,2622-6665	,新北市淡水區中山北路一段378號1樓
數位不動產仲介經紀有限公司,翁子堯	,陳柏勳,2949-3332	,新北市中和區景新街179號
富松工商不動產股份有限公司,陳立賢	,陳立賢	,2278-1722	,新北市三重區新北大道二段256號1樓
家萬房屋仲介有限公司,徐翠賢	,徐翠賢	,8921-9989	,新北市永和區中正路498號1樓
友和不動產有限公司,朱俊龍	,朱俊龍	,2296-2168	,新北市泰山區仁愛路92號1樓
永新不動產開發有限公司,黃琦珍	,黃琦珍	,2600-6767	,新北市林口區文化二路一段248之2號
茱莉亞不動產顧問股份有限公司,朱麗玉	,朱麗玉	,2223-6000,新北市中和區中山路二段386號2樓
永宜不動產有限公司,李佩君	,戴政隆	,2970-3477	,新北市三重區仁化街2號
宏文不動產有限公司,陳沛宏	,陳沛宏	,2600-7766	,新北市林口區文化三路一段395號1樓
吉世豐不動產有限公司,簡坤宏	,簡坤宏	,2676-3058	,新北市樹林區中正路847號
展宥不動產仲介經紀有限公司,陳世雄	,陳世雄	,2906-0999	,新北市新莊區富國路45號1樓
松安不動產有限公司,吳政峯	,吳政峯,2277-9889	,新北市新莊區化成路350號1樓
勵麒不動產有限公司	,洪瑞河	,洪瑞河	,8685-9977	,新北市樹林區東順街59號
家園有機事業有限公司	,趙北返	,趙北返,2211-3077	,新北市新店區華城三路73之11號1樓
冠寶開發建設有限公司,賴建男	,林淑容	,2273-0269,新北市土城區員福街2號3樓
富誠房屋仲介有限公司	,林建男	,許泰榮,2286-0055	,新北市三重區三和路四段127號1樓
祥宏不動產有限公司	,陳惠萍	,陳惠萍,2608-7676,新北市林口區文化三路一段360號1樓
格上不動產有限公司	,江鴻儒	,江鴻儒	,2636-9880	,新北市三芝區三民街24號1樓
士竤企業有限公司	,呂柏毅	,呂柏毅	,8672-3655	,新北市三峽區學成路280號1樓
興萬達不動產仲介經紀有限公司,楊惠萍	,謝秉吾	,6620-5000	,新北市永和區永和路一段147之1號1樓
三重管理顧問有限公司,鄧錦煌	,鄧錦煌	,8981-0888	,新北市三重區中正北路334號1樓
金樽房屋仲介有限公司	,洪源鴻	,洪源鴻	,082-372158	,金門縣金城鎮東門里浯江北堤路12號1樓
佳世達房屋仲介有限公司,莊育文	,莊育文	,2642-2442	,新北市汐止區忠孝東路304號1樓
聯創不動產經紀有限公司,羅運銂	,羅運銂	,8991-5678	,新北市新莊區立信一街10巷2號
金大地企業有限公司,潘瑜婕	,邱祚斌	,2900-0077	,新北市五股區成泰路一段23號1樓
北大聯合開發有限公司,詹智民	,詹智民	,8672-0808	,新北市三峽區學勤路106號1樓
晶華城不動產有限公司,林樹城	,林樹城	,2281-8800	,新北市蘆洲區光明路77號
築興不動產有限公司,吳滄池	,吳滄池	,8631-5500	,新北市淡水區新市一路三段105號1樓
旭紳房屋仲介有限公司,徐靖雯	,徐靖雯	,2698-3298	,新北市汐止區新台五路一段77號之1
和登廣告有限公司,張新宏	,張新宏	,8970-1888	,新北市樹林區大義路256號
興銳國際股份有限公司,唐世傑	,唐世傑	,2643-4530	,新北市汐止區新興路22號2樓
新融房屋仲介有限公司,郭芃錚	,郭芃錚	,2649-9889	,新北市汐止區樟樹一路12號
好城市不動產經紀有限公司,王孟章	,王孟章	,2908-8877	,新北市新莊區中正路560號
鴻全不動產有限公司,吳林卿雲	,江鴻壽	,2228-9999	,新北市中和區員山路255號
永楨不動產仲介經紀有限公司,盧慧芬	,盧慧芬	,8281-4567	,新北市蘆洲區集賢路226之1號1樓
權球不動產經紀有限公司,吳澦	,吳澦	,2857-7903	,新北市三重區五華街218號
惠陽國際不動產仲介經紀有限公司,林秀芬	,林秀芬	,2648-3353	,新北市汐止區建成路56巷14號
祥盛不動產仲介經紀企業社,李幸珊	,李幸珊	,2202-0999	,新北市新莊區建安街69號
樂榮廣告設計有限公司,許耀俊	,許耀俊	,2277-2345	,新北市新莊區中原路109之2號
欣興不動產有限公司	,潘彥竹	,潘彥竹	,2609-9955	,新北市林口區文化二路一段92之3號
安鋅不動產仲介經紀有限公司,林亭鋅	,林亭鋅	,2927-7373	,新北市永和區永和路二段61號1樓
吉晨房屋仲介有限公司,簡榮耀	,簡榮耀	,2990-8522	,新北市新莊區中平路183號1樓
永泰房屋經紀實業社,徐麗卿	,徐麗卿	,2948-8207	,新北市中和區景平路188號6樓之5
久福不動產經紀股份有限公司,吳怡德	,吳怡德	,8273-3381	,新北市土城區學成路162號2樓
和畯不動產經紀有限公司,張新宏	,張新宏	,2673-7966	,新北市三峽區介壽路一段197號
吉翔不動產有限公司,楊永昌	,楊永昌	,2998-9596	,新北市新莊區昌平街84號4樓
家樂福廣告有限公司,張榮隆	,黃榮隆,2857-7777	,新北市三重區集賢路129號
水蓮房屋仲介有限公司,張麗文	,張麗文	,2690-8794	,新北市新店區安康路三段724號7樓
萬商不動產有限公司,李孟芳	,李孟純	,2279-9933	,新北市新莊區中平路375號1樓
金祐不動產有限公司,許宗憲	,許宗憲	,8666-5959	,新北市新店區安康路二段193號1樓
仲祥不動產仲介經紀有限公司,闕泰光	,闕泰光	,8282-5252	,新北市蘆洲區集賢路226之3號1樓
全業房屋仲介經紀有限公司,字學美	,字學美	,2929-6859	,新北市永和區環河西路二段223號1樓
住得易不動產有限公司,藍明得	,藍明得	,2695-0158	,新北市汐止區福德二路132巷7號1樓
水蓮親家開發有限公司	,莊振偉	,莊振偉	,2690-9949	,新北市汐止區湖前街110巷97弄24號地下1層之5
易城不動產仲介經紀有限公司	,曾尚藝	,曾尚藝,2949-1100	,新北市中和區興南路一段35號
禾悅不動產經紀有限公司	,葉建祥,林敬弘,2222-6979	,新北市中和區漢民路411號
昇煇不動產仲介有限公司	,陳振輝	,陳振輝,2688-0098	,新北市樹林區中正路813號
耀盛不動產仲介經紀有限公司	,徐文崇	,徐文崇,3501-7000	,新北市樹林區大義路182號
春田房屋仲介行	,黃忠進	,黃忠進,2643-3168	,新北市汐止區樟樹二路279號
建帝不動產經紀有限公司	,王柔驊	,王柔驊,8988-2313	,新北市三重區重陽路三段5巷16號
中天企管顧問有限公司	,何雲飛	,何雲飛,2203-9616,新北市新莊區龍安路353號
景順不動產仲介經紀有限公司	,徐文崇	,徐文崇,2674-7890	,新北市三峽區學勤路10號
現代不動產顧問有限公司	,徐長安	,徐長安,2277-6060	,新北市新莊區中原路103號1樓
新北市地產開發有限公司	,張世芳	,張世芳,2276-6161	,新北市新莊區中原路107號1樓
鉅林不動產有限公司	,錢嘉偉	,錢嘉偉,2601-5900	,新北市林口區中山路518號
迦南美地不動產有限公司	,洪茂松	,洪茂松,2920-3466	,新北市中和區中和路366號9樓
金鴻升資產開發有限公司	,林瑞堂	,杜志鴻,8630-2887	,新北市八里區中華路二段466-1號
鑫和不動產仲介經紀有限公司	,許京云	,許京云,8522-0000	,新北市新莊區福美街62巷9號
建盈房屋仲介有限公司	,曾米谷	,曾米谷,2618-1599	,新北市八里區龍米路一段280號
傑冠不動產仲介有限公司	,蔡湘華,蔡湘華,8261-7000	,新北市土城區裕民路79-1號1樓
春地地產有限公司	,王麗英	,郭文財,2608-6166	,新北市林口區文化北路一段534號
新海灣不動產有限公司	,陳春立	,陳春立,8631-0168	,新北市淡水區新市一路一段26號
昌駿不不動產有限公司,林忠駿,林忠駿,2268-2668,新北市土城區中央路四段103號
美麗信房屋仲介股份有限公司	,陳芬蘭	,陳芬蘭,2608-6688	,新北市林口區文化三路一段362號
台陸房屋仲介有限公司	,詹昭賜	,詹昭賜,8282-2751	,新北市蘆洲區中山二路198號
長虹地產有限公司	,李從文	,李從文,6637-5988	,新北市新莊區化成路395號1樓
全美不動產仲介經紀有限公司	,林美盡	,林美盡,2647-8595	,新北市汐止區樟樹二路296-1號
益和不動產仲介經紀有限公司	,李玉婷	,李玉婷,2692-7000	,新北市汐止區明峰街135號1樓
安毅房屋仲介有限公司	,林美英	,林美英,2692-1688	,新北市汐止區明峰街125-1號
永業開發不動產有限公司	,蘇佳詮	,蘇佳詮,2964-2400	,新北市板橋區民生路一段76號2樓
泰慶房屋仲介有限公司	,陳世庸	,陳世庸,2270-3456	,新北市土城區金城路三段29號
新北市不動產經紀業有限公司	,楊英楷	,楊英楷,2250-9292	,新北市板橋區新海路385巷22弄6號3樓
佳佳不動產經紀有限公司,賴玉枝	,賴玉枝	,8951-3355	,新北市板橋區漢生東路137號
亞洲大象不動產仲介經紀有限公司,郭芳娥,郭芳娥,2902-2030	,新北市新莊區福營路316號1樓
祥安不動產開發股份有限公司,陳鴻祥	,陳鴻祥	,8978-7889	,新北市新莊區新北大道三段5號16樓之3
禾森房屋仲介有限公司,廖桂芳	,廖桂芳	,2277-9777	,新北市新莊區復興路一段139號1樓
亞東企業管理顧問股份有限公司,李豐裕	,李豐裕	,2221-7811	,新北市中和區民享街73之3號
冠郁不動產仲介經紀有限公司,劉子萱	,劉子萱	,8970-0777 ,新北市樹林區大義路22號1樓
天恩不動產仲介經紀有限公司,羅怡閔,羅怡閔,8675-1234	,新北市板橋區溪北路97號1樓
永鉅資產管理有限公司,徐銘達,葉碧芬	,2257-4366	,新北市板橋區民生路二段250號7樓
北新不動產經紀有限公司,陸奕瑞	,陸奕瑞	,8953-7188	,新北市板橋區漢生東路127之1號
環球開發不動產有限公司,劉玉梅	,劉玉梅	,2620-9560	,新北市淡水區學府路136巷55之1號
新明屋房屋仲介有限公司,黃家杰	,黃家杰	,2695-1234	,新北市汐止區福德一路108號1樓
金曜房屋仲介有限公司,詹琤雯	,陳坤雨	,2928-8888	,新北市中和區中和路436號
台義不動產仲介經紀有限公司,林玟均	,王智超	,2920-5050	,新北市永和區福和路267號2樓
吉晟不動產投資顧問有限公司,吳惠姿	,吳惠姿	,8994-5151	,新北市新莊區中原路121號
漢霖不動產仲介經紀有限公司,黃琦珍	,高志鋒,2601-9090	,新北市林口區文化二路二段109號
日捷開發不動產經紀有限公司,薛招琴	,薛招琴	,2628-2991	,新北市淡水區學府路136巷55號14樓之13
台信不動產有限公司,陳瑞玄	,陳瑞玄	,2857-3566,新北市三重區集英路116號2樓
立誠不動產經紀有限公司,李沛霖	,李沛霖	,8953-1010	,新北市板橋區漢生東路113巷6弄2號
三重國際房屋仲介有限公司,董建政	,董建政	,2988-5999	,新北市三重區重新路四段7號2樓
京品不動產經紀有限公司,孫志誠	,孫志誠	,2847-7777	,新北市蘆洲區鷺江街99號1樓
九逸不動產開發有限公司,陳泳畯,陳泳畯	,2600-9488	,新北市林口區文化三路一段458號
立都廣告企業有限公司,黃素珠,黃素珠	,2274-5666	,新北市土城區明德路二段68之2號
亞太土地開發有限公司,徐建國	,徐建國	,2205-1666	,新北市新莊區新樹路207之2號
逸城有限公司,胡珮嫻	,胡珮嫻	,8626-8500	,新北市淡水區淡金路28號1樓
慈文不動產仲介經紀有限公司,范慈文	,范慈文	,2666-6205	,新北市新店區花園一路一段2號
居樂租屋社,許皎祺,許皎祺,2256-0156,新北市板橋區陽明街107號1樓
垚鑫不動產有限公司,楊雅華	,楊雅華	,8686-6633	,新北市樹林區保安街一段75號
東霖不動產有限公司,陳泰瑋	,陳志明	,2990-0099	,新北市新莊區中平路271號
信眾地產仲介有限公司,陳文鵬	,陳文鵬	,2679-8666	,北市鶯歌區國慶街139之1號　
冠億地產有限公司,李忠信	,李忠信	,2219-3000	,新北市新店區中正路542之1號2樓
帝冠不動產有限公司,葉世宏	,葉世宏	,2687-8000	,新北市板橋區金門街288之5號
佳榮泰廣告有限公司,陳春諒	,陳春諒	,2262-7222,新北市土城區明德路二段66號1樓
吉盛房屋仲介有限公司,許國治	,許國治	,2670-6661	,新北市鶯歌區國慶街110號1樓
雄峯不動產有限公司,林本智	,林本智	,8684-5858	,新北市樹林區中華路213號1樓
萬昌不動產有限公司,徐意筑	,徐意筑,2681-8000	,新北市板橋區篤行路二段136號
三鑫不動產有限公司,楊幼嘉	,曹武松	,2688-8333	,新北市樹林區三俊街58號
三益資產有限公司,陳妤葇	,謝明揚	,2256-9900	,新北市板橋區文化路一段123號1樓
安佳不動產經紀有限公司,李讚育	,李讚育	,2629-6789	,新北市淡水區新市一路一段107號
佳宏房屋仲介經紀有限公司,李忠正	,李忠正	,8531-8333	,新北市泰山區仁愛路57號
金門不動產經紀有限公司,蕭珮如,蕭珮如,2920-9777	,新北市永和區大新街46號1樓
麥特廣告股份有限公司,麥崇德	,麥崇德	,2501-5988	,新北市永和區永和路二段12號6樓
悅陽建設股份有限公司,孫湧泉	,孫湧泉	,8522-8080	,新北市新莊區新北大道三段7號22樓之6
添億房屋仲介有限公司,高國印	,高國印	,2600-5438	,新北市林口區忠孝一路11號1樓
家聖不動產有限公司,張愷家	,張愷家	,7730-9966	,新北市三重區三和路三段14號
鼎再興房屋仲介有限公司,曹睿琦	,曹睿琦	,2690-8000	,新北市汐止區湖前街110巷97弄24號地下一層之7
藍海納川實業有限公司,胡宇軒	,胡宇軒	,2808-0806	,新北市淡水區中正東路二段81號
詠鑫不動產仲介經紀有限公司,賴靜怡	,賴靜怡	,2970-5557	,新北市三重區三和路二段149號1樓
洲子洋不動產經紀有限公司,李政哲	,李政哲	,2293-1144	,新北市五股區新五路三段202號
翔耀不動產經紀有限公司,蔡明俊	,蔡明俊	,2694-9888	,新北市汐止區福德一路238號
飛訊物業管理顧問社,簡佑儒	,簡明輝	,2994-9225	,新北市新莊區中原路299號
大諄不動產仲介經紀有限公司,王美文	,王美文	,2609-6655	,新北市林口區文化三路一段482號
群盛不動產仲介經紀有限公司,吳上文,吳上文,2201-7743,新北市新莊區萬安街102巷16號3樓
澄果房屋仲介股份有限公司,李祥德	,李祥德	,2700-8888	,新北市淡水區中正東路57號
欣和地產股份有限公司,胡念莒,胡念莒,8666-6238	,新北市新店區安興路105號10樓之2
台信不動產有限公司新莊新樹分公司,陳瑞玄	,陳瑞玄	,2208-0908	,新北市新莊區新樹路288號
臣德地產有限公司,邱俊瑋	,邱俊瑋	,2272-7767	,新北市板橋區南雅南路一段3巷19之4號3樓
卓揚不動產有限公司,黃韻真	,黃韻真	,2674-5453	,新北市三峽區民生街209號
宏創不動產股份有限公司,黃廣成	,黃廣成	,2681-1657	,新北市樹林區中山路一段115之3號
聯鑫土地開發股份有限公司,賴伯男	,賴伯男	,2208-1000	,新北市新莊區新樹路288號3樓
富群不動產經紀有限公司,謝雙娟	,謝雙娟	,2690-3389	,新北市汐止區樟樹一路41號1樓
北大捷和不動產經紀有限公司,詹智民	,詹智民	,3501-9688	,新北市樹林區大雅路273號
群鼎不動產有限公司,紀裕彬	,紀裕彬	,2601-6800	,新北市林口區中山路568號1樓
鴻鑽不動產實業有限公司,蘇正文	,蘇正文	,3501-7666	,新北市三峽區中華路95號11樓之3
捷鈴實業有限公司,葉超俊	,葉超俊	,2626-4567	,新北市淡水區北新路155號
住產通不動產經紀有限公司,朱振球	,朱振球	,8666-8800	,新北市新店區安和路一段13號1樓
拓福不動產仲介經紀有限公司,葉寶桐	,楊家松,2692-7878	,新北市汐止區中興路101號
旺福地產有限公司,江長陵,江長陵	,2622-3050	,新北市淡水區新春街83號
永達不動產經紀有限公司,林振雄	,林振雄	,2281-2299	,新北市蘆洲區復興路82號
山河戀房屋仲介經紀社,郭紋娟	,郭紋娟	,2671-1752	,新北市三峽區中山路301號
廣泰不動產經紀股份有限公司,簡宏宇	,簡宏宇	,2221-9838	,新北市中和區板南路671號14樓
誠友地產開發股份有限公司,鄭孟芝	,張承平	,2671-6380	,新北市三峽區大學路85號1樓
慶京不動產有限公司,陳山偉	,陳山偉	,2289-0303	,新北市蘆洲區長榮路353號1樓
易桑建設有限公司,李佩姍	,王昱翔	,8687-2466	,新北市樹林區育英街53號
嘉陞開發建設股份有限公司,廖嘉成	,廖嘉成	,8982-7979	,新北市三重區重陽路三段192之2號10樓
徠嘉房屋仲介有限公司,陳家慧	,林志儒,2641-1122	,新北市汐止區忠孝東路308號1樓
益誠不動產仲介經紀有限公司,徐文崇	,徐文崇	,8970-6000	,新北市樹林區大雅路265號1樓
翔揚不動產仲介有限公司,楊文君	,劉嘉海	,8991-1777	,新北市新莊區思源路481號
晉將不動產仲介經紀有限公司,高國鈞	,高國鈞	,2273-6699	,新北市土城區明德路一段33號
名人居不動產經紀有限公司,呂佩瓊	,呂佩瓊	,8261-2349	,新北市土城區學成路162號2樓
喜洋洋不動產仲介經紀有限公司,詹世光	,詹世光	,8531-7878	,新北市泰山區明志路一段262號
鼎鉅不動產經紀有限公司,楊雅雯	,楊雅雯	,2900-1999	,新北市泰山區仁愛路112之1號
凱昌不動產經紀有限公司,余美珠	,余美珠	,8672-2307	,新北市三峽區學勤路86號
鼎義不動產仲介有限公司,游啟恭	,游啟恭	,2918-8577	,新北市新店區寶橋路23號1樓
嘉政不動產經紀有限公司,錢紹忠	,錢紹忠	,8257-1000	,新北市板橋區莒光路2巷35號
禾田地產有限公司,趙羽茜	,林玫晶	,3234-0999	,新北市中和區建一路5號1樓
三漢不動產仲介經紀有限公司,沈雅純	,沈雅純	,8631-3777	,新北市淡水區新市一路三段7號1樓
弘達不動產有限公司,賴家豐	,賴家豐	,2904-7666	,新北市新莊區富國路7號1樓
富總房地產有限公司,鄭富春	,鄭富春	,2649-3889	,新北市汐止區南昌街37號1樓
銀河開發事業有限公司,仇淑華	,仇淑華	,2247-5556	,新北市中和區中山路二段299號2樓
齊富房屋仲介有限公司,書永安,黃孟鈞	,2857-0303	,新北市三重區五華街186號及三信路5號
鴻圖資產管理有限公司,呂陳蕙蘭	,呂陳蕙蘭	,2621-7266	,新北市淡水區濱海路一段372號
辰揚不動產有限公司,陳庶璣	,陳庶璣	,8227-9111	,新北市中和區中正路722號
城事國際物業管理顧問有限公司,董文燕	,董文燕	,8642-9317	,新北市汐止區湖前街110巷97弄24號地下1層之9
鶴欣房屋仲介有限公司,鍾進清	,鍾進清	,8991-8777	,新北市新莊區中港路134號1樓
美麗聖不動產有限公司,許勝森	,許勝森	,2795-1039	,新北市汐止區康寧街643號4樓
永勝租屋經理股份有限公司,徐銘達	,楊玉英	,8809-5233	,新北市淡水區民權路21號1樓
三重區不動產仲介經紀有限公司,黃燕津,柯崑森	,2975-2345	,新北市三重區重安街85號1樓
大金不動產開發股份有限公司,黃照遠	,黃照遠	,2298-9895	,新北市新莊區五工路82號3樓
鋐鼎國際開發股份有限公司,洪崧森	,林志峰	,2608-2288	,新北市林口區文化二路一段258號
捷旺宅不動產經紀有限公司,陳碧瑤,陳碧瑤,2977-8358	,新北市三重區捷運路32號
瑞聯不動產有限公司,張哲銘	,張哲銘	,2219-6222	,新北市新店區二十張路139之1號1樓
昇陽股份有限公司,梅高禎	,梅高禎	,2672-8777	,新北市三峽區中華路35號1樓
名揚不動產經紀有限公司,劉依林	,謝宗賢	,2622-0887	,新北市淡水區北新路157號
寶利達土地開發有限公司,詹登凱	,詹登凱	,8990-1818	,新北市新莊區五工路88號2樓
佑安不動產有限公司,尉睿琦	,尉睿琦	,6637-0099	,新北市板橋區南雅南路二段11之25號
德鄰租屋有限公司,陳力仁	,陳力仁	,2243-9090	,新北市中和區景安路128之1號
宏凱開發建設股份有限公司,石意如	,廖文龍	,8985-6699	,新北市三重區重新路三段111號9樓
友信不動產有限公司,陳介奇,陳介奇,2628-3079,新北市淡水區新市一路三段101巷16弄14號
兆旭不動產仲介經紀有限公司,陶建華,陶建華	,2692-2345	,新北市汐止區湖前街15號
皇星不動產有限公司,張金安	,張金安	,2226-6689	,新北市中和區中山路三段175號
辰泰不動產仲介經紀有限公司,周餘仟	,周餘仟	,2288-1234	,新北市蘆洲區長樂路159號1樓
多元化商業有限公司,陳彥佑	,李鎧均	,2805-9330	,新北市淡水區新生街30巷23號1樓
國館不動產經紀有限公司,張景超	,彭武煥,8952-5808	,新北市板橋區漢生東路177號1樓
众佳鑫開發建設有限公司,彭美玲	,彭美玲,2688-3007	,新北市樹林區俊英街211號
怡鼎國際資產管理股份有限公司,莊子慧	,莊子慧	,2695-8878	,新北市板橋區民生路一段33號7樓之3
燊旺不動產顧問有限公司,陳珮心	,陳珮心	,8992-9058	,新北市新莊區頭前路165號1樓
坤賦不動產仲介經紀有限公司,張成維,張成維	,8981-1555	,新北市三重區三和路三段30號1樓
能躍不動產經紀有限公司,陳星翰	,陳星翰	,2621-7555	,新北市淡水區新民街94號
禾昇不動產有限公司,吳慧琦	,吳慧琦	,8521-9888	,新北市新莊區福美街122號1樓
利達不動產股份有限公司,施信甫,施信甫,8751-0111,新北市汐止區新台五路一段77號之1
玉麟不動產仲介經紀有限公司,練明進	,練明進	,8631-2277	,新北市淡水區中山北路二段161號1樓
中興地產股份有限公司,賴運金	,賴運金	,2948-1299	,新北市中和區自立路41號1樓
群洋房屋仲介經紀有限公司,蔡宇寰	,陳永和,8923-8666	,新北市永和區中和路399號1、2樓
小雅不動產仲介經紀有限公司,沈雅純	,沈雅純	,8809-1818	,新北市淡水區民權路135號1樓
晟安不動產經紀有限公司,莫宗穎	,廖偉欽,2643-9453  ,新北市汐止區建成路59巷3號1樓
宗霖不動產有限公司,曾德亮	,林淑芬	,2906-7666	,新北市新莊區龍安路2號1樓
景森房屋仲介股份有限公司,宋美紅	,宋美紅	,2674-0330	,新北市三峽區中正路一段153號
信冠不動產仲介經紀有限公司,陳玉玲	,陳玉玲	,2643-2205	,新北市汐止區大同路二段326號
冠君不動產經紀有限公司,蔡煥生	,梁山其雄	,2641-5000	,新北市汐止區大同路二段249、251號1樓
柏泰不動產經紀有限公司,陳建全	,陳建全	,2671-1101	,新北市三峽區學勤路12號
鼎岳不動產仲介有限公司,戴奇雲	,戴奇雲	,8665-3366	,新北市新店區安康路二段199號
安信房屋仲介有限公司,陳威先	,陳威先	,2915-8458	,新北市新店區寶興路60巷1號
展宸股份有限公司,林益至,林益至,2847-3311,新北市蘆洲區民權路74號1樓
寶佳房屋股份有限公司,黃劍輝	,黃劍輝	,2831-7645,新北市蘆洲區重陽街17號
永聯不動產仲介經紀股份有限公司,李穎坤	,詹展權	,8991-7778	,新北市新莊區幸福路765號
儀辰不動產經紀有限公司,許立德	,許立德	,2681-5656	,新北市樹林區保安街一段265號1樓
千品不動產經紀有限公司,蔡耀郎	,蔡耀郎	,8258-4599 	,新北市板橋區雙十路二段124號2樓
子冠不動產經紀有限公司,林毓華	,林毓華	,2250-1212,新北市板橋區雙十路二段124號1樓
圢鑫不動產經紀有限公司,王建雄	,王建雄	,8951-6338	,新北市板橋區民族路251號
禾達不動產仲介有限公司,賴建程	,賴建程	,8994-3666,新北市新莊區思源路481號1、2樓
立鴻不動產仲介經紀有限公司,黃筠喧	,黃筠喧	,2610-5758	,新北市八里區中華路二段588號
寶祥地產開發股份有限公司	,陳兩佐	,陳兩佐	,8630-1111	,新北市八里區商港路12號1樓
樂高不動產有限公司,高其鵬	,高其鵬	,2913-6777	,新北市新店區北新路一段26號1樓
富利旺不動產工業有限公司,段仰蘭	,段仰蘭	,2290-1500	,新北市新莊區五權一路10號3樓
勝佳有限公司,許合進	,許合進	,2291-6688	,新北市五股區成泰路二段162號
竹北置地開發有限公司,趙賢彬	,趙賢彬	,8522-7998	,新北市新莊區新北大道三段7號22樓之7
璟田大業開發有限公司,黃榮崢	,黃榮崢	,2610-5308	,新北市八里區中山路一段268巷10號
萬家興不動產有限公司,陳宏雲	,王富英	,2212-5511	,新北市新店區華城二路17號
寶鴻不動產有限公司,趙逸穎	,趙逸穎	,2671-1868	,新北市三峽區復興路38號
未來之光不動產股份有限公司,邵宜芳	,邵宜芳	,2602-8866	,新北市林口區文化三路二段36號1樓
加恩房地產有限公司,曾國贏	,呂義皇	,2608-9388	,新北市林口區文化三路一段33號
永昕不動產有限公司,蘇聲良,蘇聲良,2608-4899 ,新北市林口區文化二路一段220號
磐誠有限公司,陳敬錞	,陳敬錞	,8671-6888	,新北市三峽區大義路189號
旭仲房地產有限公司,謝幸容	,魏德清	,8672-3355	,新北市三峽區國際一街70號1樓
井田不動產股份有限公司,謝嘉祐	,謝嘉祐	,2960-8618	,新北市板橋區大明街18之5號
百家齊不動產有限公司,許鋅如	,許鋅如	,8677-4589	,新北市鶯歌區鶯桃路552號之3
旺佳不動產有限公司,韓雪敏	,韓雪敏	,8631-5159	,新北市淡水區濱海路三段148巷38號1樓
玫瑰城不動產仲介有限公司,王維新	,王維新	,2215-6699	,新北市新店區玫瑰路38號1樓
欣勝不動產股份有限公司,黃廣成	,黃廣成	,2681-5515	,新北市樹林區中山路一段115之17號
居和興不動產有限公司,陳世凱,陳世凱,2953-3456,新北市中和區莒光路80號1樓
新北區綜合工商不動產有限公司,林瑞慶	,林瑞慶	,2681-1100	,新北市樹林區樹新路108號2樓
佳和不動產開發股份有限公司,莊博閔	,莊博閔	,2218-3788	,新北市新店區中央路13號1樓、2樓
松安房屋仲介有限公司,蔡一民	,蔡一民,2687-5568	,新北市樹林區中山路一段108巷25號1樓
鼎高網路行銷有限公司,李宇涵,許依祥	,2698-8356	,新北市汐止區新台五路一段75號15樓之3
詮濬不動產經紀有限公司,鄭鈺縈	,鄭鈺縈	,2208-0862	,新北市新莊區民安東路168號2樓
一六八房屋仲介有限公司,康獻章	,康獻章	,2636-1000	,新北市三芝區長勤街98號1樓
千勝開發實業股份有限公司,林少瑜	,林少瑜	,2968-6550	,新北市板橋區文化路一段145號3樓之3
安信國際不動產仲介經紀有限公司,李忠信	,李忠信	,2274-3000	,新北市土城區明德路二段193號
和群不動產顧問有限公司,鍾信豐	,鍾信豐	,2265-2988	,新北市土城區中央路一段301號
元美不動產有限公司,李政恩	,李政恩	,2857-9888	,新北市三重區集賢路85號
鼎新資產管理有限公司,呂錦文	,呂錦文	,2620-5666	,新北市淡水區中山北路一段380號
華岳實業社,黃鈺捐,黃鈺捐,8522-7998,新北市板橋區光華街19巷41之2號
林永企業社,林永信	,林永信	,8686-9067,新北市樹林區中華路319號16樓
世紀家資產管理有限公司,陳永量	,陳永量	,8647-6005	,新北市汐止區秀山路96號1樓
久巨不動產仲介經紀有限公司,曾秀鳳	,沈宗毅	,2990-4567	,新北市新莊區中原路189-1號
黃金東協國際地產有限公司,李麗玲	,李麗玲	,2232-5421,新北市永和區仁愛路311、313號
環球地產開發股份有限公司,陳文煙	,陳文煙	,8221-5808	,新北市中和區員山路567號
大升不動產仲介經紀有限公司,鄧力升	,鄧力升	,2622-1000	,新北市淡水區中山北路一段84號1樓
全國房屋仲价行,黃發達	,黃發達	,2252-8366	,新北市板橋區民生路二段226巷17弄9號
峰靜房屋有限公司,花淑靜	,花淑靜,2618-2198	,新北市八里區龍米路一段300號
巨祿海都不動產經紀有限公司,陳敦淵,陳敦淵	,2623-3355	,新北市淡水區新市二路三段162號
苑景不動產行銷股份有限公司,李瑞麒	,王益鈞	,2698-0666	,新北市汐止區新台五路一段81號6樓之7
長恒不動產仲介經紀有限公司,馬志明	,馬志明	,2267-5888	,新北市土城區中央路四段121號1樓
頡達地產開發有限公司,張德中	,張德中	,2211-9838	,新北市新店區安民街65巷15號10樓之3
集英不動產經紀有限公司 ,呂秋河,呂秋河,7729-6789,新北市三重區集英路130號 
軒揚企業社,胡書榕	,胡書榕	,03-3563838,新北市樹林區三龍街45巷16號
興傑不動產經紀有限公司,朱麗珍	,楊逸強	,2214-1111	,新北市新店區如意街80號
京成不動產有限公司,王淩珈,王淩珈,2609-6188	,新北市林口區忠孝三路32號
日興不動產經紀有限公司,李格寧	,李格寧	,8287-5822	,新北市三重區五華街321號
大展不動產仲介經紀有限公司,蔡坤唐	,蔡坤唐	,8531-1138	,新北市泰山區仁愛路70號1樓
連鋮不動產仲介經紀有限公司,廖耀	,廖耀	,2242-9996	,新北市中和區連城路113號
禾霖不動產仲介有限公司,賴建程	,賴建程	,8521-1668	,新北市新莊區福美街120號
弘旺不動產有限公司,陳鐸峰,陳鐸峰	,8952-0365	,新北市板橋區信義路107號7樓之1
金時代房屋仲介有限公司,李福文	,李福文	,2245-7871	,新北市中和區中山路二段328之1號2樓
瑞凡地產開發有限公司,關崢	,關崢	,2668-9439	,新北市樹林區佳園路三段506號
帝品不動產經紀有限公司,林寶旗	,林寶旗	,8295-6199,新北市五股區成泰路三段281號1樓
一心不動產有限公司,林裕盛	,林裕盛	,2677-6996	,新北市鶯歌區行政路21號
合康地產開發有限公司,林明莉	,林明莉	,2648-6380	,新北市汐止區新台五路一段129號3樓
瑞家不動產有限公司,胡家榮	,胡家榮	,2406-2346	,新北市瑞芳區三爪子坑路40號
華城國際行銷有限公司,楊雅萍	,涂芳文	,2247-8947	,新北市中和區中山路二段296號9樓之7
華麟不動產經紀有限公司,王金章	,王金章	,2684-5151	,新北市板橋區篤行路三段13號
創得不動產開發有限公司,楊朝洋,楊朝洋,8969-9286,新北市板橋區文化路二段258之1號
安展不動產仲介經紀有限公司,陳宏偉	,陳宏偉	,2693-6262	,新北市汐止區同興路268號
天競有限公司,劉俊賢	,劉俊賢	,2915-3030	,新北市新店區中興路三段215號
永鼎不動產有限公司,林如容	,林如容	,2920-5577	,新北市永和區中和路409號
宏喜不動產仲介有限公司,許立宏	,許立宏	,2908-3866	,新北市新莊區中正路726之6號
揚生不動產經紀股份有限公司,梅高禎	,梅高禎	,3501-7766	,新北市樹林區大雅路283號
浤利不動產有限公司,黃茉溱	,游聰賢	,8282-0666	,新北市蘆洲區光榮路126號1樓
祝榮成企業有限公司,陳培榮	,陳培榮	,2258-6374	,新北市板橋區裕民街139號3樓
勻証有限公司,曾馨慧	,曾岳斌	,2670-6202	,新北市鶯歌區尖山路201號1樓
承品不動產經紀有限公司,蔡佳承	,蔡佳承	,8258-8581  	,新北市板橋區雙十路二段124號3樓
正大不動產有限公司,周子勛	,周子勛	,2297-8080	,新北市泰山區仁愛路100巷64號
欣聯冠不動產仲介經紀有限公司,蔡一裕	,蔡一裕	,2610-5679	,新北市八里區中華路二段308巷3號
千金地產顧問社,邱千懿	,邱千懿	,8245-5188	,新北市永和區中正路83號3、4樓
鑫瑞地產開發有限公司,辜鐘瑞	,辜鐘瑞	,2664-2345	,新北市深坑區埔新街89號
淺水灣資產管理有限公司,李菀萑	,李菀萑	,2636-9178	,新北市三芝區樂全街132號3樓
維昕廣告有限公司,胡維	,胡維	,03-550-531	,新北市樹林區三龍街45巷16號
宇宸不動產仲介經紀有限公司,吳尚嶧	,吳尚嶧	,2610-5727	,新北市八里區中華路二段302號
長宏不動產有限公司,陳志青	,陳志青	,2602-8899	,新北市林口區文化三路二段48之1號
鉅達不動產仲介經紀有限公司,童尹,童尹	,2625-3131	,新北市淡水區濱海路二段178號
台信不動產有限公司三重富貴分公司,陳瑞玄	,陳瑞玄	,8287-2323	,新北市三重區集英路116號
鼎豐地產經紀有限公司,楊谷珍	,楊雅雯	,2904-3777	,新北市泰山區明志路三段118號1樓2樓
元星事業有限公司,許千容	,許千容	,2729-8488 	,新北市中和區板南路190之1號
富國不動產有限公司,馮鈺秦	,馮鈺秦	,8201-0888	,新北市新莊區富國路136號
東華不動產經紀有限公司,李沛霖	,李沛霖	,8953-1010	,新北市板橋區漢生東路111號2樓
陸旺不動產經紀有限公司,郭荊坪	,郭荊坪	,2293-3456	,新北市五股區六合街79號
江和不動產有限公司,粘一敏	,粘一敏	,2912-8555	,新北市新店區中正路60號1樓
山樂國際開發有限公司,段家欣	,段家欣	,2622-2200	,"新北市淡水區新市一路三段117號
"
景晨不動產開發有限公司,張惠宥	,張惠宥	,8282-3785	,新北市蘆洲區民權路3巷14弄8號1樓
藍海房屋股份有限公司,劉威廷	,劉威廷	,8923-9999	,新北市永和區永和路一段206號1樓
圓隆不動產有限公司,曾敏智	,曾敏智	,2222-9777	,新北市中和區連城路393之1號
致遠不動產有限公司,張娟娟	,吳紹鳴	,6637-4168	,新北市深坑區文化街108號
隆城房屋仲介有限公司,柯志成	,柯志成	,2257-4779	,新北市板橋區松柏街22巷7之3號
築琳有限公司,林光中	,林光中	,2600-8899	,新北市林口區仁愛路一段402號7樓
富剛有限公司,黃玉輝	,黃玉輝	,2673-6230	,新北市三峽區學成路299號
莊洲不動產有限公司,呂麗芬	,莊文洲	,8970-2121	,新北市樹林區大義路250號1樓、2樓
台鴻物業管理顧問有限公司,黃素珠	,黃素珠	,2260-9988	,新北市土城區金城路三段187號
千億不動產經紀有限公司,黃光偉	,黃光偉	,2250-5999	,新北市板橋區長江路一段220號1樓
永騏不動產經紀有限公司,田文玲	,田文玲	,2664-7888	,新北市深坑區北深路三段232號
新悅不動產經紀有限公司,胡宇軒	,董泰汾	,2621-8220	,新北市淡水區中山北路二段193號
頂鋒不動產仲介有限公司,陳銘福	,陳銘福	,2268-5677	,新北市土城區中央路三段128之3號
旺財不動產仲介有限公司              ,黃瑞芬,黃瑞芬,22001499,新北市新店區安祥路102巷42弄117號 
宏達不動產經紀有限公司,孫啟達	,孫啟達	,2908-2000	,新北市新莊區中正路891之47號
華東不動產經紀有限公司,楊振銘	,楊振銘	,8951-1249	,新北市板橋區南雅南路二段11之1號
誠富不動產有限公司,黃啟銘	,黃啟銘	,8674-3998	,新北市三峽區學勤路28號
未來城不動產股份有限公司,張宏億	,張宏億	,2609-3998	,新北市林口區文化三路一段392號1樓
群旺房屋仲介有限公司,韓淑錦	,韓淑錦	,2976-8111	,新北市三重區重新路三段107號
尚華創意廣告有限公司,陳冠霖	,陳冠霖	,2900-1919	,新北市泰山區仁愛路55號
吉利不動產有限公司,張子宜	,張子宜	,2291-7733	,新北市五股區成泰路二段172號1樓
富國事業有限公司,陳佩蘭	,陳佩蘭	,8671-9888	,新北市三峽區大義路235號1樓
金晟家不動產有限公司,塗金榮	,塗金榮	,8693-1234,新北市汐止區福德一路137號
永實國際開發有限公司,劉小嘉	,劉小嘉	,8287-2333	,新北市三重區仁義街329號1樓
大偉地產行,鄒昕妤	,鄒昕妤	,2805-8222	,新北市淡水區沙崙路141號1樓
層峰地產有限公司,江志亮	,江志亮	,2963-5500	,新北市板橋區縣民大道二段200巷31號
茂騰不動產有限公司,汪子揚	,王益鈞	,2696-3688	,新北市汐止區新台五路一段149號2樓
新樺不動產有限公司,黎翠嬌	,潘碧耀	,8648-2799	,新北市汐止區忠孝東路526號
大安不動產投資顧問有限公司,陳彥汝,陳彥汝,2685-2260	,新北市樹林區大安路201號
特師不動產有限公司,楊玉琴	,楊玉琴	,2245-5000	,新北市中和區中正路286號1樓
北大鳳鳴不動產經紀有限公司,詹智民	,詹智民	,2677-2000	,新北市鶯歌區鶯桃路600之1號
宗宇不動產仲介有限公司,羅長侑	,隋涵宇	,7728-7700	,新北市淡水區中山北路二段381巷107號
宸亦不動產仲介經紀有限公司,張廷亦	,張廷亦	,8245-9101	,新北市中和區連城路101號1樓
友慶房地產有限公司,唐宜弘	,唐宜弘	,2648-6520	,新北市汐止區新台五路二段26號
群聚國際地產有限公司,吳育任	,吳育任	,8921-5000	,新北市永和區竹林路88號1、2樓
冠京國際地產有限公司,蔣京叡,蔣京叡,8245-5188	,新北市中和區景平路357號及357之1號
玉芳不動產有限公司,林清吉	,林玉祥	,2928-0520	,新北市永和區光復街16巷39號1樓
景平不動產仲介經紀有限公司,詹淑娟,詹淑娟,2948-4000	,新北市中和區景平路466號
萬達不動產仲介經紀有限公司,詹雲英	,詹雲英	,2923-3000	,新北市永和區安樂路196號
駿開資產管理有限公司,林家煌	,林家煌	,8913-6621	,新北市新店區北新路二段168號
景悅不動產有限公司,許文毅	,陳家琳,2608-9898	,新北市林口區文化三路一段175號
欣芝蘭不動產有限公司,陳文肯	,陳文肯	,2625-8369	,新北市淡水區北新路80號地下層
巨岳有限公司,陳建全	,陳建全	,2671-1101 ,新北市三峽區學勤路12號
群新國際地產有限公司,陳宗謙	,陳宗謙	,8923-7999	,新北市永和區信義路79號
英成資產開發有限公司,魏琬玲	,魏琬玲	,8630-3333	,新北市八里區中山路二段423號1樓
新北壹零壹地產有限公司,張文馨	,張文馨	,2609-0985	,新北市林口區民有街152號1樓
統新房屋仲介有限公司,薛碧貞	,薛碧貞	,8521-3172	,新北市新莊區福德二街45號
三重重陽不動產仲介經紀有限公司,柯錦盛	,柯錦盛	,2986-6888	,新北市三重區重陽路一段122號1樓
興富邦不動產經紀有限公司,林韋成	,林韋成	,2693-2333	,新北市汐止區福德一路113號
家齊不動產仲介經紀有限公司,吳啟駸	,張茂麟	,2912-5111	,新北市新店區三民路149之1號
立信不動產經紀有限公司,周珮婕	,周明良	,8285-5522	,新北市蘆洲區光榮路132號1樓
眾躍不動產經紀有限公司,陳星翰	,陳星翰	,2621-5252	,新北市淡水區新春街146之2號
來和不動產有限公司,楊雅華	,楊雅華	,2682-9678	,新北市板橋區溪北路79號1樓
禾勛不動產仲介經紀有限公司,王美文	,范志鵬,2608-8777	,新北市林口區文化三路一段167號
嘉佳富資產管理有限公司,邱慶福	,邱慶福	,2805-3333	,新北市淡水區沙崙路126號
鵬燊國際地產股份有限公司,何紅櫻	,何紅櫻	,8671-9306	,新北市三峽區學成路236號之1
鼎興不動產經紀有限公司,楊韋玉梅	,楊雅雯	,2291-5666	,新北市泰山區明志路三段118號2樓
連霸房屋有限公司,陳佩芬	,李文佑	,2267-9199	,新北市土城區中央路三段50號1樓
泰旺群鴻國際地產有限公司,宋宗陽	,宋宗陽	,2231-7888	,新北市中和區永貞路290號1樓
秝欣不動產經紀有限公司,顧佩囷	,顧佩囷	,2606-8282	,新北市林口區民族路298號1樓
旺德地產有限公司,江長陵	,江長陵,8631-2999	,新北市淡水區新春街180號
正紘不動產經紀有限公司,王綵駿	,王綵駿	,2279-5585	,新北市新莊區頭興街7巷2號
台鴻物業管理顧問有限公司學府分公司,陳金華	,陳金華	,2270-3888	,新北市土城區學府路一段147號1、2樓
永誠不動產有限公司,林建宏	,黃耀輝	,2606-8818	,新北市林口區文化三路一段101號2樓
霖永不動產有限公司,李永仁	,李永仁	,2942-3311	,新北市中和區興南路一段128號
正菁不動產經紀有限公司,楊家紘,楊家紘	,2212-7775	,新北市新店區安民街11號
力群不動產經紀有限公司,朱大川	,朱大川	,2987-1222	,新北市三重區正義北路386號
緯紳不動產顧問社,連震紳	,連震紳	,2262-0772	,新北市土城區裕民路242號2樓
順立國際開發股份有限公司,黃順德	,黃順德	,2677-5417	,新北市鶯歌區鳳鳴路61號1樓
弘勤房屋仲介有限公司,張彥鴻	,張彥鴻	,2282-6655	,新北市蘆洲區中山一路74巷3號
祐業不動產仲介經紀有限公司,邱學良	,邱學良	,8531-7575	,新北市泰山區仁德路137號1樓
旭不動產仲介經紀有限公司,黎聖忠	,黎聖忠	,2990-3134	,新北市新莊區中原路123號
永大不動產顧問有限公司,蔡鴻儒	,蔡鴻儒	,2250-9999	,新北市板橋區文化路二段164號
龍鼎房屋有限公司,簡坤鈺	,簡坤鈺	,8686-5883	,新北市樹林區鎮前街377號1樓
安芯不動產經紀有限公司,郭書硯	,郭書硯	,8252-2302	,新北市板橋區文化路一段146號2樓
學旅國際物業投資有限公司,程景茂,程景茂	,2626-8688 	,新北市淡水區北新路184巷58號
蒼龍不動產仲介經紀有限公司,張子能	,張子能	,2274-0012	,新北市土城區明德路一段37號
三井不動產仲介經紀有限公司,葉欣琪	,葉欣琪	,2609-0001	,新北市林口區文化三路一段455號
富居不動產仲介經紀有限公司,許盛楷	,許盛楷	,8942-3000	,新北市中和區宜安路133號
茂盛事業有限公司,黃睿齡	,黃睿齡	,3501-9039	,新北市樹林區學成路626號
聯友不動產仲介經紀股份有限公司,張明玉	,張明玉	,8521-3777	,新北市新莊區福美街96號
家仁管理顧問有限公司,林嬌金	,王家彬	,2901-0958	,新北市新莊區建安街76巷3弄18號
誠益不動產顧問有限公司,吳亞諺	,吳亞諺	,2279-2889	,新北市新莊區幸福路809號1樓
鑫威不動產仲介經紀有限公司,孫運廷	,孫運廷	,2945-3888	,新北市永和區民族路81巷64號1至2樓
浤秦地產有限公司,許修銘,許修銘,8991-0768	,新北市新莊區幸福路904號
仲昇不動產仲介經紀有限公司,歐金政	,歐金政	,2998-9555	,新北市新莊區中平路298號1樓
玖逸不動產經紀有限公司,黃詩哲	,黃詩哲	,8631-3366	,新北市淡水區北新路221號
順億不動產投資顧問有限公司,陳建智	,陳建智	,2208-0051	,新北市新莊區民安路426之5號1樓
好管家不動產有限公司,陳惠蓮	,陳明宗	,2626-2055	,新北市淡水區新市一路三段178號
永尚億不動產經紀有限公司,張文良	,張文良	,2289-6655	,新北市蘆洲區長榮路532號
恆長榮地產開發有限公司,陳泳畯,陳泳畯,2601-9008,新北市林口區文化三路二段156號1樓
鴻石不動產經紀有限公司,林秀嫻	,林秀嫻	,2687-8822	,新北市板橋區金門街288之2號
大家不動產開發有限公司,吳舒涵	,吳舒涵	,8668-5598	,新北市中和區捷運路3號
千悅地產經紀有限公司,劉子謙	,劉子謙	,2857-0997	,新北市三重區集勇街88號
匯辰工商不動產股份有限公司,楊曉鳳	,楊曉鳳	,8521-3144	,新北市新莊區化成路465號1樓
永鎮不動產仲介經紀有限公司,陳貞縈	,陳貞縈	,2896-3980	,新北市蘆洲區九芎街90巷35號
一六八不動產經紀有限公司,蕭雪容	,蕭雪容	,8923-1234,新北市永和區秀朗路一段49號
富頂事業有限公司,趙國華	,趙國華	,3501-2588	,新北市三峽區學勤路20號1樓
永睿不動產仲介有限公司,蕭志偉	,蕭志偉,2625-7868	,新北市淡水區濱海路一段55號
成立不動產經紀有限公司,周寶珍	,周寶珍	,2259-0023	,新北市板橋區文化路二段2號
巨宅不動產經紀有限公司,蔡介仁	,蔡介仁	,2256-6595	,新北市板橋區文化路二段147號2樓
祥和盛不動產經紀有限公司,于明仁	,楊越屏	,2608-2499	,新北市林口區仁愛路二段261號
宇浚地產有限公司,黃榮輝	,陳世昌		,,新北市板橋區民治街52巷11號5樓
穩住不動產股份有限公司,江宗哲	,黃貴文,2546-5885	,新北市板橋區民生路一段33號12樓之1
潤鼎房屋仲介有限公司,陳和順	,陳和順	,2991-7999	,新北市新莊區頭前路131號
丰順不動產整合行銷有限公司,劉姷辰	,陳姵君	,2847-3326	,新北市蘆洲區中華街16號3樓
泛亞國際地產有限公司,張淑娟	,廖長生	,8521-1122	,新北市新莊區中原路107號1樓
蘆洲阿志不動產經紀有限公司,劉芳志	,劉芳志	,2857-0556	,新北市三重區三德街37號
樂宜住宅有限公司,林孟萱	,林孟萱	,8985-2930	,新北市三重區五華街93巷23號3樓
樂達不動產經紀有限公司,劉文安	,任庭呈	,8215-1900	,新北市新店區安祥路104之8號
五福臨門不動產股份有限公司,游正顯	,游正顯	,2906-7887	,新北市新莊區天祥街54巷2弄7號2樓
景翔不動產仲介經紀有限公司,謝文賢	,謝文賢	,2253-3030	,新北市板橋區民生路三段93號1樓、2樓
貝里斯商鋅光國際地產股份台灣分公司,沈保光	,沈保光	,2927-1147	,新北市永和區永和路二段59號6樓
昊昇不動產仲介經紀有限公司,黃浩玹	,黃浩玹	,2987-1692	,新北市五股區四維路169號1樓
東京好屋投資顧問有限公司,簡金池	,簡金池	,2683-0388	,新北市樹林區長壽街36號
上品不動產經紀有限公司,賴廣琦	,賴廣琦	,2764-3111	,新北市板橋區金華街8巷2之4號5樓
美麗誠不動產有限公司,劉國勝	,劉國勝	,2608-2820	,新北市林口區文化二路一段150號
安律不動產經紀有限公司,王繼光	,王繼光	,2976-8899	,新北市三重區成功路78號
大揚不動產仲介經紀有限公司,陳冬春	,陳冬春	,2676-1699	,新北市樹林區中正路639號1樓
富華國際行銷有限公司,許少鈞	,許少鈞	,2250-2277	,新北市板橋區文化路二段49號
雙福開發建設股份有限公司,涂婉庭	,涂婉庭	,8521-6056	,新北市新莊區中原東路56號2樓
威秀不動產經紀有限公司,吳政哲	,吳政哲	,8253-7799	,新北市板橋區文化路一段285巷1弄3號
住冠不動產經紀有限公司,吳政哲	,吳政哲	,8253-7799	,新北市板橋區文化路一段279號
丰華不動產仲介有限公司,吳士淵	,吳士淵	,2911-4359	,新北市新店區中正路127號2樓
仲遠不動產有限公司,邱翊涵	,邱翊涵	,2242-9058	,新北市中和區福美路270號
三和不動產經紀有限公司,許勝昱	,許勝昱	,2664-9000	,新北市深坑區文化街37號
富崵不動產經紀有限公司,陳昱升	,陳昱升	,2200-8260	,新北市新店區安祥路99號1樓
金澤不動產有限公司,許榮展	,許榮展	,2908-8816	,新北市新莊區龍安路8號
立基不動產經紀有限公司,戴倫	,戴倫	,2287-6655,新北市三重區三和路四段95之5號1樓
嘉信廣告設計有限公司,廖如儀	,廖如儀	,2999-0177	,新北市三重區重新路五段635之1號5樓
富宇不動產經紀有限公司,吳佳榕	,吳佳榕	,2805-8000	,新北市淡水區中正路二段395號
和豐國際實業有限公司,李志賢	,李志賢	,2952-1234	,新北市板橋區縣民大道二段110號
誠鴻不動產仲介有限公司,江啟安	,江啟安	,2492-3158	,新北市萬里區孝七街28號1樓
崴仲工商不動產有限公司,張鈞宇	,張鈞宇	,2708-2219	,新北市永和區中正路417號8樓
非凡不動產有限公司,榮翠華	,榮翠華	,8251-0772	,新北市板橋區文化路二段37號
大飛騰不動產經紀有限公司,謝昊呈	,謝昊呈	,8988-3388	,新北市三重區三民街118號1樓
重信有限公司,王淑娟,王淑娟,8665-7768,新北市新店區北新路三段125號
瀚宇不動產有限公司,周起帆,周起帆,2600-7111,新北市林口區文化三路一段31號
大河不動產經紀有限公司,黃國霖,黃國霖,2252-5711,新北市板橋區漢生東路21號4樓
蜂巢一家房屋仲介事業有限公司,吳元軒,吳元軒,2643-2233,新北市汐止區水源路一段235號
茂田置地有限公司,林晉華,陳志龍,2999-2066,新北市三重區光復路一段83巷11號6樓之1
康喬房屋租賃仲介有限公司,蘇家慶,蘇家慶,2218-2244,新北市新店區民權路153號4樓
好寬地產行銷有限公司,陳春宏,陳春宏,2929-0318,新北市三重區仁義街143巷16號
奇磊鈺不動產有限公司,相福生,相福生,8925-2700,新北市中和區中和路171號3樓
冠威不動產有限公司,潘文進,潘文進,2622-6665,新北市淡水區新市一路一段28號
疆耀不動產經紀有限公司,黃翔琳,黃翔琳,2286-0077,新北市三重區三和路四段153之1號
兆廣地產有限公司,饒傑倫,饒傑倫,2298-2250,新北市新莊區五工路68巷1號
和達不動產開發有限公司,洪健洲,洪健洲,8521-5119,新北市新莊區新北大道三段5號12樓之7
吉慶不動產經紀實業社,陳庭楷,陳庭楷,2492-6632,新北市萬里區忠六街2號
佶優房產有限公司,左松安,左松安,2222-2518,新北市中和區立德街156號2樓
達隆國際物業有限公司,游佳龍,游佳龍,2268-5300,新北市土城區學府路一段155巷2號10樓
永揚不動產有限公司,李承志,李承志,8686-1999,新北市樹林區中山路一段143號1樓
全國準買家聯通地產股份有限公司,陳麗鳳,陳麗鳳,2231-3666,新北市永和區環河東路四段164號17樓
鑫典不動產有限公司,董宇峰,董宇峰,8521-0070,新北市新莊區福美街62巷13號
律洋有限公司,賴淑慧,賴淑慧,8245-8666,新北市中和區莊路33巷15號
鉅曜土地開發有限公司,賴俊廷,賴俊廷,8925-0666,新北市永和區環河東路一段108號3樓
易滿屋科技租屋有限公司,蘇益國,蘇益國,7730-0420,新北市永和區竹林路179巷30號3樓
居家宜不動產有限公司,陳姿翎,陳姿翎,2805-7188,新北市淡水區新市三路一段302號3樓
凱埧管理顧問有限公司,邱筱君,邱筱君,2623-1628,新北市淡水區中山北路一段247巷106號2樓
兆豐不動產仲介經紀有限公司,許鎮益,許鎮益,2675-8236,新北市樹林區復興路335巷6弄3號1樓
一零四法拍網股份有限公司,林德泉,籃茂山,2270-0888,土城區中央路一段67之2號5樓
詮國不動產開發有限公司,楊淑慎,楊淑慎,2299-1976,新北市新莊區五權一路3號8樓之2
遠築地產事業有限公司,林玉惠,林玉惠,8227-2222,新北市中和區連城路248號1樓
有春不動產經紀有限公司,黃冠禎,黃冠禎,2801-3111,新北市淡水區淡金路四段600號1樓
陽明地產開發有限公司,陳欣,陳欣,2255-0499,新北市板橋區陽明街297之1號
祥和盛不動產經紀有限公司,于明仁,于明仁,2608-3235,新北市林口區文化三路一段449號
大佳地產經紀有限公司,方志名,方志名,2647-5158,新北市汐止區建成路57巷18號1樓
元振資訊有限公司,郭濬豪,郭濬豪,2956-8666,新北市板橋區板新路22號
互住不動產經紀有限公司,何俊達,何俊達,2212-1838,新北市新店區安民街189之6號
安馨房屋有限公司,林哲裕,林哲裕,5579-5169,新北市中和區景平路103號1樓
至善不動產有限公司,王惠琳,王惠琳,2991-6677,新北市新莊區中原路249號
上善不動產經紀有限公司,張孫乾,邵立雯,2681-0018,新北市樹林區中山路一段27之4號1樓
尚邑興業股份有限公司,林墾,林墾,2941-9775,新北市中和區宜安路173號3樓
方泰盛世股份有限公司,吳東泰,"吳東泰
",8668-7665,新北市中和區景平路240巷1弄8號
全球不動產開發有限公司,林紫雲,林紫雲,2981-9828,新北市三重區三和路三段30號
昇成興業有限公司,李芳杏,李芳杏,2264-5666,新北市土城區學府路一段172號1樓
誼悅不動產有限公司,鄭勝群,盧火金,8282-5555,新北市蘆洲區長榮路379號1樓
盛行事業有限公司,黃睿齡,黃睿齡,2671-3503,新北市三峽區大德路198號
齊富不動產有限公司,林精培,林精培,2701-6050,新北市三重區同安東街51號
長佳實業股份有限公司,陳淑娟,王韋翰,2602-2267,新北市林口區中山路250號2樓
馥郁不動產有限公司, 尚中霖,尚中霖,2689-9718,新北市樹林區工興街14巷19號5樓
卿家不動產仲介經紀有限公司,李雅卿,李雅卿,2621-4988,新北市淡水區濱海路一段388號
騏億不動產有限公司,周起帆,周起帆,2600-7111,新北市林口區文化三路一段31號
櫻明企業有限公司,廖玄燁,歐育瑋,2957-2756,新北市板橋區民生路一段59號10樓
冠軍開發有限公司,李歡育,李歡育,8521-5290,新北市新莊區昌平街340號
競騰有限公司,柳苔茹,柳苔茹,2990-8815,新莊區中原路105號3樓
大都會商用不動產開發股份有限公司,王建棟,王建棟,6635-0085,新北市新莊區思源路169號4樓
鴻顥有限公司,林宏安,林宏安,2981-7227,新北市三重區正義北路66號8樓
九八九不動作工作室,黃灼枝,黃灼枝,8687-3516,新北市樹林區備內街140巷11號
超級好市不動產有限公司,張素靜,"高志鋒
",2201-3600,新北市新莊區新崑路95號
皇緯不動產經紀有限公司,黃祐謙,黃祐謙,2276-3030,新北市新莊區立信一街100號1樓
安賀不動產有限公司,楊振榮,楊振榮,3501-6669,新北市樹林區柑園街2段380巷5號1樓
兆基管理顧問股份有限公司新北第一分公司,李建成,陳柏勳,2941-6222,新北市中和區和平街7之1號
元象不動產經紀有限公司,蔡乙誠,蔡乙誠,2258-2138,新北市板橋區雙十路二段130巷2弄13號1樓
華耘不動產有限公司,林義棠,游程傑,2684-1234,新北市樹林區樹新路221號1、2號
吉春不動產有限公司,蔡郁芬,蔡郁芬,2626-9998,新北市淡水區坪頂路17號1樓
宇鳴國際有限公司,曾涵吟,曾涵吟,8953-2088,新北市板橋區板新路112-2號3樓
恆生房屋有限公司,廖一明,廖一明,8684-5737,新北市樹林區東華街10號
華星不動產有限公司,徐君瀚,孫美財,2660-0041,新北市汐止區林森街140巷1號1樓
京讚房屋仲介有限公司,劉德文,劉德文,8273-3060,新北市永和區永和路二段57號7樓
皇宸開發實業有限公司,彭建霖,彭建霖,7709-2277,新北市三重區中正北路45號1樓
住匠不動產經紀有限公司,鄭堯文,鄭堯文,8671-5333,新北市三峽區大德路13號
佳榮泰廣告有限公司學府裕民分公司,陳春諒,陳春諒,22649376,新北市土城區學府路一段175號
宇豐不動產經紀有限公司,張智翔,張智翔,8809-3738,新北市淡水區民權路13之5號
筑寓股份有限公司                      ,楊弘宇,范士達,2641-7555,新北市汐止市區新昌街39之2號
東燁不動產有限公司,許可琪,李坤曄,2218-8333,新北市新店區中正路700巷59號8樓
億萬萬不動產經紀股份有限公司,吳秋遠,吳秋遠,2367-0088,新北市永和區永和路一段149之2號1、2樓
鑫順元不動產股份有限公司,陳盼勳,陳盼勳,8221-1228,新北市中和區板南路490之1號
家成物業管理顧問有限公司,劉治宏,劉治宏,2988-1237,新北市三重區三和路四段16號7樓之7
加佳房地產開發有限公司,余美珠,余美珠,8672-1238,新北市板橋區文化路一段188巷4弄4號
五泰不動產經紀有限公司,林慧棻,林慧棻,2292-2024,新北市泰山區全興路20號
易得富實業有限公司,呂盈萱,呂盈萱,2647-7700,新北市汐止區仁愛路142之1號
合興房屋仲介有限公司,吳志明,吳志明,2985-3477,新北市三重區新生街53號
尚昱物業管理顧問有限公司,趙翌翔,趙翌翔,7709-7769,新北市三重區新北大道一段96號1樓
青禾不動產,丁新紅,丁新紅,082-316093,金門縣金城鎮環島北路一段38巷1弄3號
得邦廣告股份有限公司,蕭遙,蕭遙,8666-6238,新北市新店區安興路105號10樓之7
筌富不動產經紀有限公司,吳承瑾,吳承瑾,2970-3588,新北市三重區重新路四段10號
三華國際實業有限公司,劉于誠,劉于誠,2674-1085,新北市三峽區大學路85號
合宜宅房屋仲介有限公司,郭台強,郭台強,8261-7866,新北市土城區立德路12號2樓
陞洋不動產開發有限公司,林群皓,林群皓,2983-6666,新北市三重區正義北路327號1樓
天御不動產有限公司,黃韓鈺,黃韓鈺,2250-5891,新北市板橋區新海路330號2樓
清華國際企業社,黃勝田,黃勝田,8982-4288,新北市新莊區民安西路364巷14號
世倫不動產經紀有限公司,楊世旭,楊世旭,2977-2555,新北市三重區重新路一段47號
宏茂不動產有限公司,朱展宏,朱展宏,2687-1545,新北市板橋區金門街288之3號1樓
福乘不動產顧問有限公司,陳姝瑾,陳姝瑾,2951-5187,新北市板橋區民生路一段46號
台灣大成開發地產有限公司,曾莉婷,邱永昇,03-2133706,新北市新莊區自信街75巷11之1號2樓
竑輝資產管理有限公司,関文章,関吉雄,2900-7722,新北市泰山區泰林路二段476號3樓
元大開發物業管理顧問有限公司,趙睿彬,趙睿彬,8981-5307,新北市三重區自由街17巷11號2樓
寅登國際有限公司,魏聖哲,魏聖哲,8965-0261,新北市板橋區中正路325巷37號1樓
新室代不動產經紀有限公司,吳夢麟,吳夢麟,2262-9066,新北市土城區中央路一段128號1樓
興安不動產經紀有限公司,楊逸強,楊逸強,2211-5522,新北市新店區安民街236號
利富地產開發企業社,陳信富,陳信富,8991-3114,新北市新莊區昌平街71巷9號3樓
傳凱房屋仲介有限公司,黃琳恩,廖高樂,2274-5500,新北市土城區中央路二段24號
禾承不動產有限公司,郭麗蓁,王科閎,2901-9888,新北市泰山區新北大道六段411號9樓
威豪有限公司,謝淑日,謝淑日,2299-3860,新北市新莊區新北大道三段65號18樓之1
昌茂不動產有限公司,顏仲駿,蔡昌祐,2688-2217,新北市樹林區三俊街28號
興承不動產股份有限公司,徐意筑,徐意筑,2681-1657,新北市樹林區中山路一段115之12號
興采不動產股份有限公司,黃廣成,黃廣成,8687-2900,新北市板橋區篤行路二段138號
聚鴻房屋經紀有限公司,陳鈞彥,陳鈞彥,2649-0088,新北市汐止區連興街46號1樓
金條不動產經紀有限公司,張金條,薛純良,2608-8988,新北市林口區文化二路一段78號
德聚仁和地產開發有限公司,李欣璋,李欣璋,2282-8878,新北市蘆洲區民義街100號1樓
紘岳企業社,吳彩雲,吳彩雲,8522-7998,新北市新莊區中正路420號
富吉不動產仲介經紀有限公司,許綵憶,許綵憶,2282-1133,新北市蘆洲區復興路235號
富蜂房屋仲介有限公司,邱鴻宇,邱鴻宇,2212-8888,新北市新店區北宜路二段273號4樓
弘業不動產經紀有限公司,黃弘林,黃弘林,2671-1101,新北市三峽區復興路59號
正輝不動經紀有限公司,鄔正宏,鄔正宏,2978-1155,新北市三重區重新路三段182號
豐年國際地產股份有限公司,李家穎,李家穎,2942-0640,新北市永和區永和路一段149之2號
大心房屋管理企業社,管偉慈,管偉慈,2272-2690,新北市板橋區光正街16巷臨34之1號
智承不動產經紀有限公司,黃智成,蔡邱秀惠,2902-7755,新北市新莊區中正路700號之2
顓曜家族資本股份有限公司,蔡邱秀惠,蔡邱秀惠,2985-7761,新北市三重區重陽路一段66號11樓之2
三欣不動產有限公司,楊幼嘉,楊幼嘉,2688-8333,新北市樹林區保安街二段337巷8弄12號4樓
世新不動產經紀有限公司              ,蘇秋華,蘇秋華,2622-5141,新北市淡水區沙崙路一段106號     
安得如山有限公司,李雯虹,李雯虹,8287-3353,新北市三重區三和路四段203巷84號
永帆房屋仲介有限公司,曾振銘,曾振銘,8667-5599,新北市新店區中央五街13號
在地房屋開發有限公司,鄭建栓,鄭建栓,2925-8000,新北市永和區永平路283號
鼎勝物業管理顧問有限公司,林含燁,林含燁,2968-5556,新北市板橋區合安一路57號1樓
佳榮泰廣告有限公司土城分公司,陳春諒,陳春諒,2264-9376,新北市土城區學府路二段216號
